source,label,class_name,sha256_rgb,group,split,saved_path,original_group
Rhizophora_stylosa/canopy/Rhizophora sstylosa (27).jpeg,22,Rhizophora_stylosa,034aecf5282b68e8661ad6db56df6ff3cbfa27e2f992bce332d4617605ea1848,image:034aecf5282b68e8661ad6db56df6ff3cbfa27e2f992bce332d4617605ea1848,train,dataset/retraining/EfficientNet-B0/rebuild_20260926/dataset/train/Rhizophora_stylosa/034aecf5282b68e8661ad6db56df6ff3cbfa27e2f992bce332d4617605ea1848.jpg,image:034aecf5282b68e8661ad6db56df6ff3cbfa27e2f992bce332d4617605ea1848
Rhizophora_stylosa/canopy/Rhizophora sstylosa (45).jpeg,22,Rhizophora_stylosa,0354d480916165d9d3f6a79e615d68d9566b76b93b541ba7fe8937484a180871,image:0354d480916165d9d3f6a79e615d68d9566b76b93b541ba7fe8937484a180871,train,dataset/retraining/EfficientNet-B0/rebuild_20260926/dataset/train/Rhizophora_stylosa/0354d480916165d9d3f6a79e615d68d9566b76b93b541ba7fe8937484a180871.jpg,image:0354d480916165d9d3f6a79e615d68d9566b76b93b541ba7fe8937484a180871
Ceriops_tagal/canopy/Ceriops - 2026-07-16T160641.679.jpeg,11,Ceriops_tagal,03d012417dce97d86433fd820966128af68d7a3dd86320dfec14f4c040f431f6,image:03d012417dce97d86433fd820966128af68d7a3dd86320dfec14f4c040f431f6,train,dataset/retraining/EfficientNet-B0/rebuild_20260926/dataset/train/Ceriops_tagal/03d012417dce97d86433fd820966128af68d7a3dd86320dfec14f4c040f431f6.jpg,image:03d012417dce97d86433fd820966128af68d7a3dd86320dfec14f4c040f431f6
Rhizophora_mucronata/canopy/imgi_85_medium.jpg,21,Rhizophora_mucronata,046fcc07ec88f38570674b2d554cba860fa8e26db3da7ff3fe024059221f7985,image:046fcc07ec88f38570674b2d554cba860fa8e26db3da7ff3fe024059221f7985,test,dataset/retraining/EfficientNet-B0/rebuild_20260926/dataset/test/Rhizophora_mucronata/046fcc07ec88f38570674b2d554cba860fa8e26db3da7ff3fe024059221f7985.jpg,image:046fcc07ec88f38570674b2d554cba860fa8e26db3da7ff3fe024059221f7985
Rhizophora_mucronata/canopy/imgi_182_medium.jpg,21,Rhizophora_mucronata,04dca6c5c4cebc251f2dfb30d4906ef83f64bbd3edae376e9c902cadb2d4ba92,image:04dca6c5c4cebc251f2dfb30d4906ef83f64bbd3edae376e9c902cadb2d4ba92,train,dataset/retraining/EfficientNet-B0/rebuild_20260926/dataset/train/Rhizophora_mucronata/04dca6c5c4cebc251f2dfb30d4906ef83f64bbd3edae376e9c902cadb2d4ba92.jpg,image:04dca6c5c4cebc251f2dfb30d4906ef83f64bbd3edae376e9c902cadb2d4ba92
Rhizophora_mucronata/canopy/imgi_223_medium.jpg,21,Rhizophora_mucronata,050325b51e31cacd9e9b10011625bdf7e2fc6339fadb38914f5c60be662631e5,image:050325b51e31cacd9e9b10011625bdf7e2fc6339fadb38914f5c60be662631e5,val,dataset/retraining/EfficientNet-B0/rebuild_20260926/dataset/val/Rhizophora_mucronata/050325b51e31cacd9e9b10011625bdf7e2fc6339fadb38914f5c60be662631e5.jpg,image:050325b51e31cacd9e9b10011625bdf7e2fc6339fadb38914f5c60be662631e5
Avicennia_marina/canopy/Avicennia_marina (68).jpeg,4,Avicennia_marina,050bf2e61bd1f595a7b2f9a2ef7cec29a8e8f52a3cc201f430db9c52f98c7983,image:050bf2e61bd1f595a7b2f9a2ef7cec29a8e8f52a3cc201f430db9c52f98c7983,val,dataset/retraining/EfficientNet-B0/rebuild_20260926/dataset/val/Avicennia_marina/050bf2e61bd1f595a7b2f9a2ef7cec29a8e8f52a3cc201f430db9c52f98c7983.jpg,image:050bf2e61bd1f595a7b2f9a2ef7cec29a8e8f52a3cc201f430db9c52f98c7983
Sonneratia_alba/canopy/sonneratia alba (52).jpeg,24,Sonneratia_alba,06e439555fb43ac752384d085ae4f92024460fddb731891b4b49e58502ee1693,image:06e439555fb43ac752384d085ae4f92024460fddb731891b4b49e58502ee1693,train,dataset/retraining/EfficientNet-B0/rebuild_20260926/dataset/train/Sonneratia_alba/06e439555fb43ac752384d085ae4f92024460fddb731891b4b49e58502ee1693.jpg,image:06e439555fb43ac752384d085ae4f92024460fddb731891b4b49e58502ee1693
Rhizophora_stylosa/canopy/Rhizophora sstylosa (93).jpeg,22,Rhizophora_stylosa,0712cf7b24eeab47b95d60928b609cdd1166f1f6967fb2f88f661d2ce9e37d81,image:0712cf7b24eeab47b95d60928b609cdd1166f1f6967fb2f88f661d2ce9e37d81,train,dataset/retraining/EfficientNet-B0/rebuild_20260926/dataset/train/Rhizophora_stylosa/0712cf7b24eeab47b95d60928b609cdd1166f1f6967fb2f88f661d2ce9e37d81.jpg,image:0712cf7b24eeab47b95d60928b609cdd1166f1f6967fb2f88f661d2ce9e37d81
Sonneratia_alba/canopy/sonneratia alba (88).jpeg,24,Sonneratia_alba,07d7d27af108961ed7e8d4ae174ffd122989c60d3e1abb5500d014e5333fcb11,image:07d7d27af108961ed7e8d4ae174ffd122989c60d3e1abb5500d014e5333fcb11,train,dataset/retraining/EfficientNet-B0/rebuild_20260926/dataset/train/Sonneratia_alba/07d7d27af108961ed7e8d4ae174ffd122989c60d3e1abb5500d014e5333fcb11.jpg,image:07d7d27af108961ed7e8d4ae174ffd122989c60d3e1abb5500d014e5333fcb11
Avicennia_marina/canopy/Avicennia_marina (7).jpeg,4,Avicennia_marina,0828ff969609a80e84abb0143ebb0ce10ecef526a1593b923cfd22f81fc17c66,image:0828ff969609a80e84abb0143ebb0ce10ecef526a1593b923cfd22f81fc17c66,train,dataset/retraining/EfficientNet-B0/rebuild_20260926/dataset/train/Avicennia_marina/0828ff969609a80e84abb0143ebb0ce10ecef526a1593b923cfd22f81fc17c66.jpg,image:0828ff969609a80e84abb0143ebb0ce10ecef526a1593b923cfd22f81fc17c66
Rhizophora_mucronata/canopy/imgi_178_medium.jpg,21,Rhizophora_mucronata,0856d299fe20ec867325401e7a80cba3f3116542d2f0b6f73c3eeb8d5736eb27,image:0856d299fe20ec867325401e7a80cba3f3116542d2f0b6f73c3eeb8d5736eb27,train,dataset/retraining/EfficientNet-B0/rebuild_20260926/dataset/train/Rhizophora_mucronata/0856d299fe20ec867325401e7a80cba3f3116542d2f0b6f73c3eeb8d5736eb27.jpg,image:0856d299fe20ec867325401e7a80cba3f3116542d2f0b6f73c3eeb8d5736eb27
Ceriops_tagal/canopy/Ceriops - 2026-07-16T160619.378.jpeg,11,Ceriops_tagal,0ab93aa8617a3e220bad6ebc25cd520224d5bbf248ae95f06b5f303be55c7b82,image:0ab93aa8617a3e220bad6ebc25cd520224d5bbf248ae95f06b5f303be55c7b82,train,dataset/retraining/EfficientNet-B0/rebuild_20260926/dataset/train/Ceriops_tagal/0ab93aa8617a3e220bad6ebc25cd520224d5bbf248ae95f06b5f303be55c7b82.jpg,image:0ab93aa8617a3e220bad6ebc25cd520224d5bbf248ae95f06b5f303be55c7b82
Rhizophora_apiculata/canopy/large (6).jpg,20,Rhizophora_apiculata,0b8fd53995a00b0899caa2c6f6b7922c62690f69743c7da72ed6f6908f2d1c7a,image:0b8fd53995a00b0899caa2c6f6b7922c62690f69743c7da72ed6f6908f2d1c7a,test,dataset/retraining/EfficientNet-B0/rebuild_20260926/dataset/test/Rhizophora_apiculata/0b8fd53995a00b0899caa2c6f6b7922c62690f69743c7da72ed6f6908f2d1c7a.jpg,image:0b8fd53995a00b0899caa2c6f6b7922c62690f69743c7da72ed6f6908f2d1c7a
Rhizophora_stylosa/canopy/Rhizophora sstylosa (2).jpeg,22,Rhizophora_stylosa,0c58549bb5e86090a2dd9c2c8d3369b63a7d8cb8f230e75f3dcde92ef31ee9e8,image:0c58549bb5e86090a2dd9c2c8d3369b63a7d8cb8f230e75f3dcde92ef31ee9e8,test,dataset/retraining/EfficientNet-B0/rebuild_20260926/dataset/test/Rhizophora_stylosa/0c58549bb5e86090a2dd9c2c8d3369b63a7d8cb8f230e75f3dcde92ef31ee9e8.jpg,image:0c58549bb5e86090a2dd9c2c8d3369b63a7d8cb8f230e75f3dcde92ef31ee9e8
Rhizophora_mucronata/canopy/imgi_69_medium.jpg,21,Rhizophora_mucronata,0dd08fdecd7da83eac4ccf9fb76368be0264bb8055798c36162d04e501bed511,image:0dd08fdecd7da83eac4ccf9fb76368be0264bb8055798c36162d04e501bed511,train,dataset/retraining/EfficientNet-B0/rebuild_20260926/dataset/train/Rhizophora_mucronata/0dd08fdecd7da83eac4ccf9fb76368be0264bb8055798c36162d04e501bed511.jpg,image:0dd08fdecd7da83eac4ccf9fb76368be0264bb8055798c36162d04e501bed511
Rhizophora_mucronata/canopy/imgi_146_medium.jpg,21,Rhizophora_mucronata,0de71ffa9bae7dd2b4d27eb5917ff5227b388128b8da93df70ee75279b080f69,image:0de71ffa9bae7dd2b4d27eb5917ff5227b388128b8da93df70ee75279b080f69,train,dataset/retraining/EfficientNet-B0/rebuild_20260926/dataset/train/Rhizophora_mucronata/0de71ffa9bae7dd2b4d27eb5917ff5227b388128b8da93df70ee75279b080f69.jpg,image:0de71ffa9bae7dd2b4d27eb5917ff5227b388128b8da93df70ee75279b080f69
Avicennia_marina/canopy/Avicennia_marina (19).jpeg,4,Avicennia_marina,0e4ff3a49e04f6f2ea66a638461ce55383e9abb34f3f62274718df11086b71d2,image:0e4ff3a49e04f6f2ea66a638461ce55383e9abb34f3f62274718df11086b71d2,test,dataset/retraining/EfficientNet-B0/rebuild_20260926/dataset/test/Avicennia_marina/0e4ff3a49e04f6f2ea66a638461ce55383e9abb34f3f62274718df11086b71d2.jpg,image:0e4ff3a49e04f6f2ea66a638461ce55383e9abb34f3f62274718df11086b71d2
Avicennia_marina/canopy/IMG_20260718_072707.jpg,4,Avicennia_marina,0ec3b9544d654170fdcc545a661c6d422e76b2026e85d4c4d638ce51de17615e,image:0ec3b9544d654170fdcc545a661c6d422e76b2026e85d4c4d638ce51de17615e,test,dataset/retraining/EfficientNet-B0/rebuild_20260926/dataset/test/Avicennia_marina/0ec3b9544d654170fdcc545a661c6d422e76b2026e85d4c4d638ce51de17615e.jpg,image:0ec3b9544d654170fdcc545a661c6d422e76b2026e85d4c4d638ce51de17615e
Rhizophora_apiculata/canopy/Rhizophora_apiculata_-_Manado.JPG,20,Rhizophora_apiculata,0ece3435918c704bff4e168c06b5c5d42279b79282ef1022fd02ad85c7539b97,image:0ece3435918c704bff4e168c06b5c5d42279b79282ef1022fd02ad85c7539b97,train,dataset/retraining/EfficientNet-B0/rebuild_20260926/dataset/train/Rhizophora_apiculata/0ece3435918c704bff4e168c06b5c5d42279b79282ef1022fd02ad85c7539b97.jpg,image:0ece3435918c704bff4e168c06b5c5d42279b79282ef1022fd02ad85c7539b97
Avicennia_marina/canopy/Avicennia_marina - 2026-07-16T144444.716.jpeg,4,Avicennia_marina,0f2466987e7af37844814c655dd37d1ed6b529022a3e37a0c156cc39fb596071,image:0f2466987e7af37844814c655dd37d1ed6b529022a3e37a0c156cc39fb596071,train,dataset/retraining/EfficientNet-B0/rebuild_20260926/dataset/train/Avicennia_marina/0f2466987e7af37844814c655dd37d1ed6b529022a3e37a0c156cc39fb596071.jpg,image:0f2466987e7af37844814c655dd37d1ed6b529022a3e37a0c156cc39fb596071
Bruguiera_gymnorrhiza/canopy/Bruguiera - 2026-07-16T153239.971.jpeg,8,Bruguiera_gymnorrhiza,0f2ef7dff4c2e8626826f85a1416aa16f6622c7d89b520f344474aa0affa354f,image:0f2ef7dff4c2e8626826f85a1416aa16f6622c7d89b520f344474aa0affa354f,train,dataset/retraining/EfficientNet-B0/rebuild_20260926/dataset/train/Bruguiera_gymnorrhiza/0f2ef7dff4c2e8626826f85a1416aa16f6622c7d89b520f344474aa0affa354f.jpg,image:0f2ef7dff4c2e8626826f85a1416aa16f6622c7d89b520f344474aa0affa354f
Ceriops_tagal/canopy/Ceriops - 2026-07-16T160640.958.jpeg,11,Ceriops_tagal,12299aaebcbd79c95dde55376678e4d7c9612446996439b86c2387c3bad1e212,image:12299aaebcbd79c95dde55376678e4d7c9612446996439b86c2387c3bad1e212,train,dataset/retraining/EfficientNet-B0/rebuild_20260926/dataset/train/Ceriops_tagal/12299aaebcbd79c95dde55376678e4d7c9612446996439b86c2387c3bad1e212.jpg,image:12299aaebcbd79c95dde55376678e4d7c9612446996439b86c2387c3bad1e212
Rhizophora_stylosa/canopy/Rhizophora sstylosa (29).jpeg,22,Rhizophora_stylosa,13c9afa1c1738270146553266ea2c387261e3b8df65a9693eec3bb7e0b08b9f3,image:13c9afa1c1738270146553266ea2c387261e3b8df65a9693eec3bb7e0b08b9f3,train,dataset/retraining/EfficientNet-B0/rebuild_20260926/dataset/train/Rhizophora_stylosa/13c9afa1c1738270146553266ea2c387261e3b8df65a9693eec3bb7e0b08b9f3.jpg,image:13c9afa1c1738270146553266ea2c387261e3b8df65a9693eec3bb7e0b08b9f3
Avicennia_marina/canopy/Avicennia_marina (12).jpeg,4,Avicennia_marina,13ca7c58328beabbcdb33d92eee8d39eef52ecb5d46b41f376c3e1bece6ab079,image:13ca7c58328beabbcdb33d92eee8d39eef52ecb5d46b41f376c3e1bece6ab079,train,dataset/retraining/EfficientNet-B0/rebuild_20260926/dataset/train/Avicennia_marina/13ca7c58328beabbcdb33d92eee8d39eef52ecb5d46b41f376c3e1bece6ab079.jpg,image:13ca7c58328beabbcdb33d92eee8d39eef52ecb5d46b41f376c3e1bece6ab079
Avicennia_marina/canopy/Avicennia_marina - 2026-07-16T144443.783.jpeg,4,Avicennia_marina,144a5fe67dec0669bd2cae944e3c32c8f1b16a17e079823fd5737dbf6d86fd93,image:144a5fe67dec0669bd2cae944e3c32c8f1b16a17e079823fd5737dbf6d86fd93,test,dataset/retraining/EfficientNet-B0/rebuild_20260926/dataset/test/Avicennia_marina/144a5fe67dec0669bd2cae944e3c32c8f1b16a17e079823fd5737dbf6d86fd93.jpg,image:144a5fe67dec0669bd2cae944e3c32c8f1b16a17e079823fd5737dbf6d86fd93
Rhizophora_stylosa/canopy/Rhizophora sstylosa (62).jpeg,22,Rhizophora_stylosa,14ffdd3d76cde05f27ad55cfb833356f309971737c7c4c3a7e89bc1cd80da951,image:14ffdd3d76cde05f27ad55cfb833356f309971737c7c4c3a7e89bc1cd80da951,train,dataset/retraining/EfficientNet-B0/rebuild_20260926/dataset/train/Rhizophora_stylosa/14ffdd3d76cde05f27ad55cfb833356f309971737c7c4c3a7e89bc1cd80da951.jpg,image:14ffdd3d76cde05f27ad55cfb833356f309971737c7c4c3a7e89bc1cd80da951
Avicennia_marina/canopy/Avicennia_marina - 2026-07-16T144445.534.jpeg,4,Avicennia_marina,16a28ddd46e21c2243f34d014ba8cae8aa49e9bd0cc66c0eb368dff2573f5c36,image:16a28ddd46e21c2243f34d014ba8cae8aa49e9bd0cc66c0eb368dff2573f5c36,train,dataset/retraining/EfficientNet-B0/rebuild_20260926/dataset/train/Avicennia_marina/16a28ddd46e21c2243f34d014ba8cae8aa49e9bd0cc66c0eb368dff2573f5c36.jpg,image:16a28ddd46e21c2243f34d014ba8cae8aa49e9bd0cc66c0eb368dff2573f5c36
Sonneratia_alba/canopy/sonneratia alba - 2026-07-20T131557.723.jpeg,24,Sonneratia_alba,1747456f6daea678fec2f3628d457ef908fa213508ad280e31ed1a09fc9b9fae,image:1747456f6daea678fec2f3628d457ef908fa213508ad280e31ed1a09fc9b9fae,train,dataset/retraining/EfficientNet-B0/rebuild_20260926/dataset/train/Sonneratia_alba/1747456f6daea678fec2f3628d457ef908fa213508ad280e31ed1a09fc9b9fae.jpg,image:1747456f6daea678fec2f3628d457ef908fa213508ad280e31ed1a09fc9b9fae
Rhizophora_mucronata/canopy/imgi_172_medium - Copy (2).jpg,21,Rhizophora_mucronata,184a0017cb9260ededc8704be6140b1c4900d652d2dae7adf2379a097a83dfaa,image:184a0017cb9260ededc8704be6140b1c4900d652d2dae7adf2379a097a83dfaa,train,dataset/retraining/EfficientNet-B0/rebuild_20260926/dataset/train/Rhizophora_mucronata/184a0017cb9260ededc8704be6140b1c4900d652d2dae7adf2379a097a83dfaa.jpg,image:184a0017cb9260ededc8704be6140b1c4900d652d2dae7adf2379a097a83dfaa
Avicennia_marina/canopy/Avicennia_marina - 2026-07-16T144416.665.jpeg,4,Avicennia_marina,18c538dc25195e4e1a3ef8087f6d6a08dc79516c4eb2387a86ffe9550e18292a,image:18c538dc25195e4e1a3ef8087f6d6a08dc79516c4eb2387a86ffe9550e18292a,train,dataset/retraining/EfficientNet-B0/rebuild_20260926/dataset/train/Avicennia_marina/18c538dc25195e4e1a3ef8087f6d6a08dc79516c4eb2387a86ffe9550e18292a.jpg,image:18c538dc25195e4e1a3ef8087f6d6a08dc79516c4eb2387a86ffe9550e18292a
Rhizophora_stylosa/canopy/Rhizophora sstylosa (52).jpeg,22,Rhizophora_stylosa,194bcaa28077657b231e304630269eefc645aba742fbdf3cec2db5b75aebe9a6,image:194bcaa28077657b231e304630269eefc645aba742fbdf3cec2db5b75aebe9a6,val,dataset/retraining/EfficientNet-B0/rebuild_20260926/dataset/val/Rhizophora_stylosa/194bcaa28077657b231e304630269eefc645aba742fbdf3cec2db5b75aebe9a6.jpg,image:194bcaa28077657b231e304630269eefc645aba742fbdf3cec2db5b75aebe9a6
Rhizophora_apiculata/canopy/images (4).jpg,20,Rhizophora_apiculata,1a89c9879fedee40ff383db7ded00886bfc5589320a643453b3d99eb66a222d0,image:1a89c9879fedee40ff383db7ded00886bfc5589320a643453b3d99eb66a222d0,val,dataset/retraining/EfficientNet-B0/rebuild_20260926/dataset/val/Rhizophora_apiculata/1a89c9879fedee40ff383db7ded00886bfc5589320a643453b3d99eb66a222d0.jpg,image:1a89c9879fedee40ff383db7ded00886bfc5589320a643453b3d99eb66a222d0
Rhizophora_mucronata/canopy/imgi_74_medium.jpg,21,Rhizophora_mucronata,1b44142d83ca62c95299789a2a18f0d9b56ee92cdfedf9df97a39ff5381522bb,image:1b44142d83ca62c95299789a2a18f0d9b56ee92cdfedf9df97a39ff5381522bb,train,dataset/retraining/EfficientNet-B0/rebuild_20260926/dataset/train/Rhizophora_mucronata/1b44142d83ca62c95299789a2a18f0d9b56ee92cdfedf9df97a39ff5381522bb.jpg,image:1b44142d83ca62c95299789a2a18f0d9b56ee92cdfedf9df97a39ff5381522bb
Avicennia_marina/canopy/Avicennia_marina - 2026-07-16T144439.882.jpeg,4,Avicennia_marina,1c68e7e3119f473f8945a1b0e1e315a6c5fa48776dbf36b36fc74926c7b2884e,image:1c68e7e3119f473f8945a1b0e1e315a6c5fa48776dbf36b36fc74926c7b2884e,train,dataset/retraining/EfficientNet-B0/rebuild_20260926/dataset/train/Avicennia_marina/1c68e7e3119f473f8945a1b0e1e315a6c5fa48776dbf36b36fc74926c7b2884e.jpg,image:1c68e7e3119f473f8945a1b0e1e315a6c5fa48776dbf36b36fc74926c7b2884e
Avicennia_marina/canopy/Avicennia_marina - 2026-07-16T144444.067.jpeg,4,Avicennia_marina,1c9573b690fd721cb88169f62eb72f6b8a0512543035d59d9f44098f1f1aa62c,image:1c9573b690fd721cb88169f62eb72f6b8a0512543035d59d9f44098f1f1aa62c,train,dataset/retraining/EfficientNet-B0/rebuild_20260926/dataset/train/Avicennia_marina/1c9573b690fd721cb88169f62eb72f6b8a0512543035d59d9f44098f1f1aa62c.jpg,image:1c9573b690fd721cb88169f62eb72f6b8a0512543035d59d9f44098f1f1aa62c
Rhizophora_stylosa/canopy/Rhizophora sstylosa (7).jpeg,22,Rhizophora_stylosa,1eee0879381a6c1dfffbdd011580d78dbf73daf4f102b985d7e6cd3c115fc127,image:1eee0879381a6c1dfffbdd011580d78dbf73daf4f102b985d7e6cd3c115fc127,train,dataset/retraining/EfficientNet-B0/rebuild_20260926/dataset/train/Rhizophora_stylosa/1eee0879381a6c1dfffbdd011580d78dbf73daf4f102b985d7e6cd3c115fc127.jpg,image:1eee0879381a6c1dfffbdd011580d78dbf73daf4f102b985d7e6cd3c115fc127
Ceriops_tagal/canopy/Ceriops (80).jpeg,11,Ceriops_tagal,1f4340f42caad42ff4d1623adb2a6b869b9e25cbf6cd38d6ef88d0f8b1c5a565,image:1f4340f42caad42ff4d1623adb2a6b869b9e25cbf6cd38d6ef88d0f8b1c5a565,test,dataset/retraining/EfficientNet-B0/rebuild_20260926/dataset/test/Ceriops_tagal/1f4340f42caad42ff4d1623adb2a6b869b9e25cbf6cd38d6ef88d0f8b1c5a565.jpg,image:1f4340f42caad42ff4d1623adb2a6b869b9e25cbf6cd38d6ef88d0f8b1c5a565
Bruguiera_gymnorrhiza/canopy/Bruguiera (50).jpeg,8,Bruguiera_gymnorrhiza,204ad67342d3d1d3f725ae21f375d89e6aaa61604c37173dab1157ae7021961b,image:204ad67342d3d1d3f725ae21f375d89e6aaa61604c37173dab1157ae7021961b,train,dataset/retraining/EfficientNet-B0/rebuild_20260926/dataset/train/Bruguiera_gymnorrhiza/204ad67342d3d1d3f725ae21f375d89e6aaa61604c37173dab1157ae7021961b.jpg,image:204ad67342d3d1d3f725ae21f375d89e6aaa61604c37173dab1157ae7021961b
Excoecaria_agallocha/canopy/Rhizophora sstylosa (72).jpeg,13,Excoecaria_agallocha,20f069730934395bb98889c2d172f53231b9e721da861178139c4cd76a887e19,image:20f069730934395bb98889c2d172f53231b9e721da861178139c4cd76a887e19,val,dataset/retraining/EfficientNet-B0/rebuild_20260926/dataset/val/Excoecaria_agallocha/20f069730934395bb98889c2d172f53231b9e721da861178139c4cd76a887e19.jpg,image:20f069730934395bb98889c2d172f53231b9e721da861178139c4cd76a887e19
Sonneratia_alba/canopy/sonneratia alba (86).jpeg,24,Sonneratia_alba,21735f33d53d22602cfbdecac883f80aeddee1a40e07628f4a490c742424e9b6,image:21735f33d53d22602cfbdecac883f80aeddee1a40e07628f4a490c742424e9b6,train,dataset/retraining/EfficientNet-B0/rebuild_20260926/dataset/train/Sonneratia_alba/21735f33d53d22602cfbdecac883f80aeddee1a40e07628f4a490c742424e9b6.jpg,image:21735f33d53d22602cfbdecac883f80aeddee1a40e07628f4a490c742424e9b6
Avicennia_marina/canopy/Avicennia_marina (90).jpeg,4,Avicennia_marina,223e05358bfa759f6879330497dbf1f09dc056c6f5baa5f0aa0cf5659a86575d,image:223e05358bfa759f6879330497dbf1f09dc056c6f5baa5f0aa0cf5659a86575d,train,dataset/retraining/EfficientNet-B0/rebuild_20260926/dataset/train/Avicennia_marina/223e05358bfa759f6879330497dbf1f09dc056c6f5baa5f0aa0cf5659a86575d.jpg,image:223e05358bfa759f6879330497dbf1f09dc056c6f5baa5f0aa0cf5659a86575d
Avicennia_marina/canopy/Avicennia_marina - 2026-07-16T144438.036.jpeg,4,Avicennia_marina,2287597bf5aa09957a1a5ec3794ceee44d8691c02bbf93c961517356cba39595,image:2287597bf5aa09957a1a5ec3794ceee44d8691c02bbf93c961517356cba39595,train,dataset/retraining/EfficientNet-B0/rebuild_20260926/dataset/train/Avicennia_marina/2287597bf5aa09957a1a5ec3794ceee44d8691c02bbf93c961517356cba39595.jpg,image:2287597bf5aa09957a1a5ec3794ceee44d8691c02bbf93c961517356cba39595
Rhizophora_mucronata/canopy/imgi_180_medium - Copy (2).jpg,21,Rhizophora_mucronata,235ced27e20249d36f4581a4d0928e7bce7a918fa64deebc4a6f6218a8ae5336,image:235ced27e20249d36f4581a4d0928e7bce7a918fa64deebc4a6f6218a8ae5336,test,dataset/retraining/EfficientNet-B0/rebuild_20260926/dataset/test/Rhizophora_mucronata/235ced27e20249d36f4581a4d0928e7bce7a918fa64deebc4a6f6218a8ae5336.jpg,image:235ced27e20249d36f4581a4d0928e7bce7a918fa64deebc4a6f6218a8ae5336
Avicennia_marina/canopy/Avicennia_marina (88).jpeg,4,Avicennia_marina,236f58492fd43966910822ddcfbed9eb0cf383431622cb998533bf06d6952cac,image:236f58492fd43966910822ddcfbed9eb0cf383431622cb998533bf06d6952cac,train,dataset/retraining/EfficientNet-B0/rebuild_20260926/dataset/train/Avicennia_marina/236f58492fd43966910822ddcfbed9eb0cf383431622cb998533bf06d6952cac.jpg,image:236f58492fd43966910822ddcfbed9eb0cf383431622cb998533bf06d6952cac
Rhizophora_stylosa/canopy/Rhizophora sstylosa (13).jpeg,22,Rhizophora_stylosa,238d8c686ce9fa3d50cb3d22f71a2387823aae51a0768a3cd986c635868e1f16,image:238d8c686ce9fa3d50cb3d22f71a2387823aae51a0768a3cd986c635868e1f16,train,dataset/retraining/EfficientNet-B0/rebuild_20260926/dataset/train/Rhizophora_stylosa/238d8c686ce9fa3d50cb3d22f71a2387823aae51a0768a3cd986c635868e1f16.jpg,image:238d8c686ce9fa3d50cb3d22f71a2387823aae51a0768a3cd986c635868e1f16
Rhizophora_mucronata/canopy/imgi_171_medium.jpg,21,Rhizophora_mucronata,23d909249154981991b20ea3eacf9ef1dee4a77f591045cd5df0118bb39176b9,image:23d909249154981991b20ea3eacf9ef1dee4a77f591045cd5df0118bb39176b9,train,dataset/retraining/EfficientNet-B0/rebuild_20260926/dataset/train/Rhizophora_mucronata/23d909249154981991b20ea3eacf9ef1dee4a77f591045cd5df0118bb39176b9.jpg,image:23d909249154981991b20ea3eacf9ef1dee4a77f591045cd5df0118bb39176b9
Bruguiera_gymnorrhiza/canopy/Bruguiera - 2026-07-16T153244.829.jpeg,8,Bruguiera_gymnorrhiza,252688e4393d6ae2dab606dfc43d85ee6766724e3e9e4ec411040026f16ebe83,image:252688e4393d6ae2dab606dfc43d85ee6766724e3e9e4ec411040026f16ebe83,val,dataset/retraining/EfficientNet-B0/rebuild_20260926/dataset/val/Bruguiera_gymnorrhiza/252688e4393d6ae2dab606dfc43d85ee6766724e3e9e4ec411040026f16ebe83.jpg,image:252688e4393d6ae2dab606dfc43d85ee6766724e3e9e4ec411040026f16ebe83
Ceriops_tagal/canopy/Ceriops (79).jpeg,11,Ceriops_tagal,266309fb61ea28b6174f454e31c55c43bd453486ef6e1c8ed199a04658b27603,image:266309fb61ea28b6174f454e31c55c43bd453486ef6e1c8ed199a04658b27603,train,dataset/retraining/EfficientNet-B0/rebuild_20260926/dataset/train/Ceriops_tagal/266309fb61ea28b6174f454e31c55c43bd453486ef6e1c8ed199a04658b27603.jpg,image:266309fb61ea28b6174f454e31c55c43bd453486ef6e1c8ed199a04658b27603
Sonneratia_alba/canopy/sonneratia alba - 2026-07-20T131553.332.jpeg,24,Sonneratia_alba,271424ef4a9dc8b2b1d4106b30cd73472b4b5335e4b8019133eddd3d35b2fd4c,image:271424ef4a9dc8b2b1d4106b30cd73472b4b5335e4b8019133eddd3d35b2fd4c,test,dataset/retraining/EfficientNet-B0/rebuild_20260926/dataset/test/Sonneratia_alba/271424ef4a9dc8b2b1d4106b30cd73472b4b5335e4b8019133eddd3d35b2fd4c.jpg,image:271424ef4a9dc8b2b1d4106b30cd73472b4b5335e4b8019133eddd3d35b2fd4c
Excoecaria_agallocha/canopy/Rhizophora sstylosa (34).jpeg,13,Excoecaria_agallocha,274496d75e6ea9774314e0ab0964ff7e4d8c8e51ae09ec1c974b5eedca3bb61e,image:274496d75e6ea9774314e0ab0964ff7e4d8c8e51ae09ec1c974b5eedca3bb61e,test,dataset/retraining/EfficientNet-B0/rebuild_20260926/dataset/test/Excoecaria_agallocha/274496d75e6ea9774314e0ab0964ff7e4d8c8e51ae09ec1c974b5eedca3bb61e.jpg,image:274496d75e6ea9774314e0ab0964ff7e4d8c8e51ae09ec1c974b5eedca3bb61e
Rhizophora_stylosa/canopy/Rhizophora sstylosa (85).jpeg,22,Rhizophora_stylosa,297677d99e6a0577f195391ce59d8c73d8f2582abf2bdcdf4db16f7b453c9645,image:297677d99e6a0577f195391ce59d8c73d8f2582abf2bdcdf4db16f7b453c9645,train,dataset/retraining/EfficientNet-B0/rebuild_20260926/dataset/train/Rhizophora_stylosa/297677d99e6a0577f195391ce59d8c73d8f2582abf2bdcdf4db16f7b453c9645.jpg,image:297677d99e6a0577f195391ce59d8c73d8f2582abf2bdcdf4db16f7b453c9645
Rhizophora_stylosa/canopy/Rhizophora sstylosa - 2026-07-19T211057.710.jpeg,22,Rhizophora_stylosa,2ba0d40762a831fc9a895c0c03d456806dbd4858a77b0faa29c33bfe81f77224,image:2ba0d40762a831fc9a895c0c03d456806dbd4858a77b0faa29c33bfe81f77224,test,dataset/retraining/EfficientNet-B0/rebuild_20260926/dataset/test/Rhizophora_stylosa/2ba0d40762a831fc9a895c0c03d456806dbd4858a77b0faa29c33bfe81f77224.jpg,image:2ba0d40762a831fc9a895c0c03d456806dbd4858a77b0faa29c33bfe81f77224
Ceriops_tagal/canopy/Ceriops - 2026-07-16T160639.859.jpeg,11,Ceriops_tagal,2bcdded61fa44cd558ec51be54ae031d9603e4bebc8f2ee8e3e97bf758fef0c4,image:2bcdded61fa44cd558ec51be54ae031d9603e4bebc8f2ee8e3e97bf758fef0c4,train,dataset/retraining/EfficientNet-B0/rebuild_20260926/dataset/train/Ceriops_tagal/2bcdded61fa44cd558ec51be54ae031d9603e4bebc8f2ee8e3e97bf758fef0c4.jpg,image:2bcdded61fa44cd558ec51be54ae031d9603e4bebc8f2ee8e3e97bf758fef0c4
Avicennia_marina/canopy/IMG_20260718_072657.jpg,4,Avicennia_marina,2c55a48f73366c3184f75e8ab29aefd48fc497c043a5b0134e4999eb2dd1eba9,image:2c55a48f73366c3184f75e8ab29aefd48fc497c043a5b0134e4999eb2dd1eba9,val,dataset/retraining/EfficientNet-B0/rebuild_20260926/dataset/val/Avicennia_marina/2c55a48f73366c3184f75e8ab29aefd48fc497c043a5b0134e4999eb2dd1eba9.jpg,image:2c55a48f73366c3184f75e8ab29aefd48fc497c043a5b0134e4999eb2dd1eba9
Excoecaria_agallocha/canopy/Rhizophora sstylosa - 2026-07-19T222450.185.jpeg,13,Excoecaria_agallocha,2d5342c505253598d604a33fa669460b7b1a2eaaed114f7255556171229918ab,image:2d5342c505253598d604a33fa669460b7b1a2eaaed114f7255556171229918ab,train,dataset/retraining/EfficientNet-B0/rebuild_20260926/dataset/train/Excoecaria_agallocha/2d5342c505253598d604a33fa669460b7b1a2eaaed114f7255556171229918ab.jpg,image:2d5342c505253598d604a33fa669460b7b1a2eaaed114f7255556171229918ab
Rhizophora_mucronata/canopy/imgi_306_small.jpg,21,Rhizophora_mucronata,2dbefcef63f27394910dabddac959dc53c83c0f554188c21e245bcd86f44d672,image:2dbefcef63f27394910dabddac959dc53c83c0f554188c21e245bcd86f44d672,train,dataset/retraining/EfficientNet-B0/rebuild_20260926/dataset/train/Rhizophora_mucronata/2dbefcef63f27394910dabddac959dc53c83c0f554188c21e245bcd86f44d672.jpg,image:2dbefcef63f27394910dabddac959dc53c83c0f554188c21e245bcd86f44d672
Avicennia_marina/canopy/Avicennia_marina - 2026-07-16T144435.302.jpeg,4,Avicennia_marina,2f27f9b95ffa16238b8f150669e9b86831f2d47163ac2d7b0d1cdbf493ea4b5d,image:2f27f9b95ffa16238b8f150669e9b86831f2d47163ac2d7b0d1cdbf493ea4b5d,train,dataset/retraining/EfficientNet-B0/rebuild_20260926/dataset/train/Avicennia_marina/2f27f9b95ffa16238b8f150669e9b86831f2d47163ac2d7b0d1cdbf493ea4b5d.jpg,image:2f27f9b95ffa16238b8f150669e9b86831f2d47163ac2d7b0d1cdbf493ea4b5d
Rhizophora_mucronata/canopy/imgi_72_medium.jpg,21,Rhizophora_mucronata,2fab9799a5febea7a96630ec327e3ab0795df9833de3d188d5301b28bebd59f3,image:2fab9799a5febea7a96630ec327e3ab0795df9833de3d188d5301b28bebd59f3,train,dataset/retraining/EfficientNet-B0/rebuild_20260926/dataset/train/Rhizophora_mucronata/2fab9799a5febea7a96630ec327e3ab0795df9833de3d188d5301b28bebd59f3.jpg,image:2fab9799a5febea7a96630ec327e3ab0795df9833de3d188d5301b28bebd59f3
Rhizophora_mucronata/canopy/imgi_86_medium.jpg,21,Rhizophora_mucronata,2fb3b6e11acf09181ce6ad651b3854ef478ef74ac9ea4acc434e92d7467f2df7,image:2fb3b6e11acf09181ce6ad651b3854ef478ef74ac9ea4acc434e92d7467f2df7,val,dataset/retraining/EfficientNet-B0/rebuild_20260926/dataset/val/Rhizophora_mucronata/2fb3b6e11acf09181ce6ad651b3854ef478ef74ac9ea4acc434e92d7467f2df7.jpg,image:2fb3b6e11acf09181ce6ad651b3854ef478ef74ac9ea4acc434e92d7467f2df7
Rhizophora_mucronata/canopy/imgi_160_medium.jpg,21,Rhizophora_mucronata,302eab25889920efc1212f47ac0a0c96cd32b80c831f1c9efb09a4227ae9e9cc,image:302eab25889920efc1212f47ac0a0c96cd32b80c831f1c9efb09a4227ae9e9cc,train,dataset/retraining/EfficientNet-B0/rebuild_20260926/dataset/train/Rhizophora_mucronata/302eab25889920efc1212f47ac0a0c96cd32b80c831f1c9efb09a4227ae9e9cc.jpg,image:302eab25889920efc1212f47ac0a0c96cd32b80c831f1c9efb09a4227ae9e9cc
Sonneratia_alba/canopy/sonneratia alba (43).jpeg,24,Sonneratia_alba,30493b2537f16b0d37bc0810970757d3b6f02bedb56db740434a61798d3f0db8,image:30493b2537f16b0d37bc0810970757d3b6f02bedb56db740434a61798d3f0db8,test,dataset/retraining/EfficientNet-B0/rebuild_20260926/dataset/test/Sonneratia_alba/30493b2537f16b0d37bc0810970757d3b6f02bedb56db740434a61798d3f0db8.jpg,image:30493b2537f16b0d37bc0810970757d3b6f02bedb56db740434a61798d3f0db8
Rhizophora_stylosa/canopy/Rhizophora sstylosa (68).jpeg,22,Rhizophora_stylosa,311ece377c71494a829150350a8653a1eef42087cbf61226a4c0cd9e985ff4ef,image:311ece377c71494a829150350a8653a1eef42087cbf61226a4c0cd9e985ff4ef,train,dataset/retraining/EfficientNet-B0/rebuild_20260926/dataset/train/Rhizophora_stylosa/311ece377c71494a829150350a8653a1eef42087cbf61226a4c0cd9e985ff4ef.jpg,image:311ece377c71494a829150350a8653a1eef42087cbf61226a4c0cd9e985ff4ef
Bruguiera_gymnorrhiza/canopy/Bruguiera - 2026-07-16T153250.370.jpeg,8,Bruguiera_gymnorrhiza,326109c0a9710a455037ac794b6852352e24894fb398c4687eedbb255c2ee565,image:326109c0a9710a455037ac794b6852352e24894fb398c4687eedbb255c2ee565,test,dataset/retraining/EfficientNet-B0/rebuild_20260926/dataset/test/Bruguiera_gymnorrhiza/326109c0a9710a455037ac794b6852352e24894fb398c4687eedbb255c2ee565.jpg,image:326109c0a9710a455037ac794b6852352e24894fb398c4687eedbb255c2ee565
Rhizophora_stylosa/canopy/Rhizophora sstylosa (4).jpeg,22,Rhizophora_stylosa,32b72d371e75a9e0a2e0ba0244403abfef710bcc37e9fed32653efaaca5487ca,image:32b72d371e75a9e0a2e0ba0244403abfef710bcc37e9fed32653efaaca5487ca,train,dataset/retraining/EfficientNet-B0/rebuild_20260926/dataset/train/Rhizophora_stylosa/32b72d371e75a9e0a2e0ba0244403abfef710bcc37e9fed32653efaaca5487ca.jpg,image:32b72d371e75a9e0a2e0ba0244403abfef710bcc37e9fed32653efaaca5487ca
Bruguiera_gymnorrhiza/canopy/Bruguiera - 2026-07-16T153241.353.jpeg,8,Bruguiera_gymnorrhiza,347bfff822dfc7f9c1e29b0fd9c41ab900e1d931b6eaed447eaf4ca1ddeb18db,image:347bfff822dfc7f9c1e29b0fd9c41ab900e1d931b6eaed447eaf4ca1ddeb18db,train,dataset/retraining/EfficientNet-B0/rebuild_20260926/dataset/train/Bruguiera_gymnorrhiza/347bfff822dfc7f9c1e29b0fd9c41ab900e1d931b6eaed447eaf4ca1ddeb18db.jpg,image:347bfff822dfc7f9c1e29b0fd9c41ab900e1d931b6eaed447eaf4ca1ddeb18db
Rhizophora_mucronata/canopy/imgi_168_medium - Copy.jpg,21,Rhizophora_mucronata,35c486b114829fc33662b14f238a254603a31c4ffd2c625a38fb586034cb42ae,image:35c486b114829fc33662b14f238a254603a31c4ffd2c625a38fb586034cb42ae,train,dataset/retraining/EfficientNet-B0/rebuild_20260926/dataset/train/Rhizophora_mucronata/35c486b114829fc33662b14f238a254603a31c4ffd2c625a38fb586034cb42ae.jpg,image:35c486b114829fc33662b14f238a254603a31c4ffd2c625a38fb586034cb42ae
Avicennia_marina/canopy/IMG_20260718_081031.jpg,4,Avicennia_marina,36758a6c54513a35163bfbaf9aa48b3e660b76032580783b0d3011d019800147,image:36758a6c54513a35163bfbaf9aa48b3e660b76032580783b0d3011d019800147,train,dataset/retraining/EfficientNet-B0/rebuild_20260926/dataset/train/Avicennia_marina/36758a6c54513a35163bfbaf9aa48b3e660b76032580783b0d3011d019800147.jpg,image:36758a6c54513a35163bfbaf9aa48b3e660b76032580783b0d3011d019800147
Avicennia_marina/canopy/Avicennia_marina - 2026-07-16T144423.217.jpeg,4,Avicennia_marina,36ec5a239cfeb3daf7f432891a891598ebfcdd48552e49e589c979cff08eb818,image:36ec5a239cfeb3daf7f432891a891598ebfcdd48552e49e589c979cff08eb818,test,dataset/retraining/EfficientNet-B0/rebuild_20260926/dataset/test/Avicennia_marina/36ec5a239cfeb3daf7f432891a891598ebfcdd48552e49e589c979cff08eb818.jpg,image:36ec5a239cfeb3daf7f432891a891598ebfcdd48552e49e589c979cff08eb818
Bruguiera_gymnorrhiza/canopy/Bruguiera - 2026-07-16T153251.971.jpeg,8,Bruguiera_gymnorrhiza,39718f07376311b3fe717b9e57d5d6944ae08364e5f5bf96f106ba6f6e2a59d8,image:39718f07376311b3fe717b9e57d5d6944ae08364e5f5bf96f106ba6f6e2a59d8,train,dataset/retraining/EfficientNet-B0/rebuild_20260926/dataset/train/Bruguiera_gymnorrhiza/39718f07376311b3fe717b9e57d5d6944ae08364e5f5bf96f106ba6f6e2a59d8.jpg,image:39718f07376311b3fe717b9e57d5d6944ae08364e5f5bf96f106ba6f6e2a59d8
Avicennia_marina/canopy/Avicennia_marina - 2026-07-16T144432.468.jpeg,4,Avicennia_marina,3e8aab5e22e82acddea42baf6442c444c0c7214ba5a0ada712b445f74cbce372,image:3e8aab5e22e82acddea42baf6442c444c0c7214ba5a0ada712b445f74cbce372,test,dataset/retraining/EfficientNet-B0/rebuild_20260926/dataset/test/Avicennia_marina/3e8aab5e22e82acddea42baf6442c444c0c7214ba5a0ada712b445f74cbce372.jpg,image:3e8aab5e22e82acddea42baf6442c444c0c7214ba5a0ada712b445f74cbce372
Rhizophora_apiculata/canopy/rhizophora-apiculata-blume-forest-red-mangrove-area-special-tree-prop-buttress-root-also-aerating-216887238.webp,20,Rhizophora_apiculata,3f6a17487f70c42fb6b147a2c2e6edbec73f64141003aca3867907112957055e,image:3f6a17487f70c42fb6b147a2c2e6edbec73f64141003aca3867907112957055e,train,dataset/retraining/EfficientNet-B0/rebuild_20260926/dataset/train/Rhizophora_apiculata/3f6a17487f70c42fb6b147a2c2e6edbec73f64141003aca3867907112957055e.jpg,image:3f6a17487f70c42fb6b147a2c2e6edbec73f64141003aca3867907112957055e
Bruguiera_gymnorrhiza/canopy/Bruguiera - 2026-07-16T153230.058.jpeg,8,Bruguiera_gymnorrhiza,400972fbf282cfbdad0f85f83b1eab3b340250670a255bbbefdbfb78b27d012a,image:400972fbf282cfbdad0f85f83b1eab3b340250670a255bbbefdbfb78b27d012a,train,dataset/retraining/EfficientNet-B0/rebuild_20260926/dataset/train/Bruguiera_gymnorrhiza/400972fbf282cfbdad0f85f83b1eab3b340250670a255bbbefdbfb78b27d012a.jpg,image:400972fbf282cfbdad0f85f83b1eab3b340250670a255bbbefdbfb78b27d012a
Ceriops_tagal/canopy/Ceriops - 2026-07-16T160636.368.jpeg,11,Ceriops_tagal,4115d2908b81e6f68efbade17e5608da597f38a1d6fa04ff214e956f0e803cc8,image:4115d2908b81e6f68efbade17e5608da597f38a1d6fa04ff214e956f0e803cc8,train,dataset/retraining/EfficientNet-B0/rebuild_20260926/dataset/train/Ceriops_tagal/4115d2908b81e6f68efbade17e5608da597f38a1d6fa04ff214e956f0e803cc8.jpg,image:4115d2908b81e6f68efbade17e5608da597f38a1d6fa04ff214e956f0e803cc8
Rhizophora_mucronata/canopy/imgi_153_medium - Copy.jpg,21,Rhizophora_mucronata,438a6911421b1eae2754dbb07560a921d4231a360029f3e656fe6c21250bd8ca,image:438a6911421b1eae2754dbb07560a921d4231a360029f3e656fe6c21250bd8ca,train,dataset/retraining/EfficientNet-B0/rebuild_20260926/dataset/train/Rhizophora_mucronata/438a6911421b1eae2754dbb07560a921d4231a360029f3e656fe6c21250bd8ca.jpg,image:438a6911421b1eae2754dbb07560a921d4231a360029f3e656fe6c21250bd8ca
Rhizophora_stylosa/canopy/Rhizophora sstylosa (69).jpeg,22,Rhizophora_stylosa,44a1266790d7439c832a79765bd74aa2207b1dd7f5d24dad4969d5dfbade8648,image:44a1266790d7439c832a79765bd74aa2207b1dd7f5d24dad4969d5dfbade8648,val,dataset/retraining/EfficientNet-B0/rebuild_20260926/dataset/val/Rhizophora_stylosa/44a1266790d7439c832a79765bd74aa2207b1dd7f5d24dad4969d5dfbade8648.jpg,image:44a1266790d7439c832a79765bd74aa2207b1dd7f5d24dad4969d5dfbade8648
Rhizophora_mucronata/canopy/imgi_152_medium.jpg,21,Rhizophora_mucronata,45621b6741325a21c01ad26b02e6b62a4a3efdcda40456faf3365c0eb7c28a52,image:45621b6741325a21c01ad26b02e6b62a4a3efdcda40456faf3365c0eb7c28a52,train,dataset/retraining/EfficientNet-B0/rebuild_20260926/dataset/train/Rhizophora_mucronata/45621b6741325a21c01ad26b02e6b62a4a3efdcda40456faf3365c0eb7c28a52.jpg,image:45621b6741325a21c01ad26b02e6b62a4a3efdcda40456faf3365c0eb7c28a52
Rhizophora_apiculata/canopy/IMG_20260718_074834.jpg,20,Rhizophora_apiculata,4594aed8b96f99053a4ae600f217eceb968883d4ab3c2f8fce78427a8fd59931,image:4594aed8b96f99053a4ae600f217eceb968883d4ab3c2f8fce78427a8fd59931,val,dataset/retraining/EfficientNet-B0/rebuild_20260926/dataset/val/Rhizophora_apiculata/4594aed8b96f99053a4ae600f217eceb968883d4ab3c2f8fce78427a8fd59931.jpg,image:4594aed8b96f99053a4ae600f217eceb968883d4ab3c2f8fce78427a8fd59931
Avicennia_marina/canopy/Avicennia_marina - 2026-07-16T144433.069.jpeg,4,Avicennia_marina,467e66be7b20840a069056d193bd062c7f6c8bcf14e6ee937143e9fc6704bc84,image:467e66be7b20840a069056d193bd062c7f6c8bcf14e6ee937143e9fc6704bc84,train,dataset/retraining/EfficientNet-B0/rebuild_20260926/dataset/train/Avicennia_marina/467e66be7b20840a069056d193bd062c7f6c8bcf14e6ee937143e9fc6704bc84.jpg,image:467e66be7b20840a069056d193bd062c7f6c8bcf14e6ee937143e9fc6704bc84
Rhizophora_apiculata/canopy/Tall-stilt_Mangrove_(Rhizophora_apiculata)_(15746830641).jpg,20,Rhizophora_apiculata,46ab4d95b0815d626a7e3d90f567842bd445c64fa371d1c34b88f9cf53163677,image:46ab4d95b0815d626a7e3d90f567842bd445c64fa371d1c34b88f9cf53163677,train,dataset/retraining/EfficientNet-B0/rebuild_20260926/dataset/train/Rhizophora_apiculata/46ab4d95b0815d626a7e3d90f567842bd445c64fa371d1c34b88f9cf53163677.jpg,image:46ab4d95b0815d626a7e3d90f567842bd445c64fa371d1c34b88f9cf53163677
Rhizophora_mucronata/canopy/imgi_217_medium.jpg,21,Rhizophora_mucronata,4872f57489a74afa717a9650fc3d2358619f9113f63d6582f55a9ca6e11afb39,image:4872f57489a74afa717a9650fc3d2358619f9113f63d6582f55a9ca6e11afb39,train,dataset/retraining/EfficientNet-B0/rebuild_20260926/dataset/train/Rhizophora_mucronata/4872f57489a74afa717a9650fc3d2358619f9113f63d6582f55a9ca6e11afb39.jpg,image:4872f57489a74afa717a9650fc3d2358619f9113f63d6582f55a9ca6e11afb39
Rhizophora_stylosa/canopy/Rhizophora sstylosa (11).jpeg,22,Rhizophora_stylosa,48e540c64e6fee76aa95e373adf7800ef57c6266fe2bc87125834ff5028213b8,image:48e540c64e6fee76aa95e373adf7800ef57c6266fe2bc87125834ff5028213b8,val,dataset/retraining/EfficientNet-B0/rebuild_20260926/dataset/val/Rhizophora_stylosa/48e540c64e6fee76aa95e373adf7800ef57c6266fe2bc87125834ff5028213b8.jpg,image:48e540c64e6fee76aa95e373adf7800ef57c6266fe2bc87125834ff5028213b8
Rhizophora_mucronata/canopy/imgi_132_medium.jpg,21,Rhizophora_mucronata,49b965c3a602059a5d8af712c863d991528df664f636896071deaac815dc3fa6,image:49b965c3a602059a5d8af712c863d991528df664f636896071deaac815dc3fa6,train,dataset/retraining/EfficientNet-B0/rebuild_20260926/dataset/train/Rhizophora_mucronata/49b965c3a602059a5d8af712c863d991528df664f636896071deaac815dc3fa6.jpg,image:49b965c3a602059a5d8af712c863d991528df664f636896071deaac815dc3fa6
Sonneratia_alba/canopy/sonneratia alba (3).jpeg,24,Sonneratia_alba,49ee5d070c71b790d4abfdbb45851ff5f4613be60bed9d68ddb64fc1e0f2ae53,image:49ee5d070c71b790d4abfdbb45851ff5f4613be60bed9d68ddb64fc1e0f2ae53,train,dataset/retraining/EfficientNet-B0/rebuild_20260926/dataset/train/Sonneratia_alba/49ee5d070c71b790d4abfdbb45851ff5f4613be60bed9d68ddb64fc1e0f2ae53.jpg,image:49ee5d070c71b790d4abfdbb45851ff5f4613be60bed9d68ddb64fc1e0f2ae53
Rhizophora_mucronata/canopy/imgi_200_medium.jpg,21,Rhizophora_mucronata,4d07eeee17e52062b9382080aa6f63f635e15112d8f98c22ee21326d4b52c3c9,image:4d07eeee17e52062b9382080aa6f63f635e15112d8f98c22ee21326d4b52c3c9,val,dataset/retraining/EfficientNet-B0/rebuild_20260926/dataset/val/Rhizophora_mucronata/4d07eeee17e52062b9382080aa6f63f635e15112d8f98c22ee21326d4b52c3c9.jpg,image:4d07eeee17e52062b9382080aa6f63f635e15112d8f98c22ee21326d4b52c3c9
Rhizophora_mucronata/canopy/imgi_142_medium.jpg,21,Rhizophora_mucronata,4d9a853d874aca41e6f4b6831c9d73037029edc5ee78e1e5a82ec6ba9ab45b99,image:4d9a853d874aca41e6f4b6831c9d73037029edc5ee78e1e5a82ec6ba9ab45b99,train,dataset/retraining/EfficientNet-B0/rebuild_20260926/dataset/train/Rhizophora_mucronata/4d9a853d874aca41e6f4b6831c9d73037029edc5ee78e1e5a82ec6ba9ab45b99.jpg,image:4d9a853d874aca41e6f4b6831c9d73037029edc5ee78e1e5a82ec6ba9ab45b99
Avicennia_marina/canopy/IMG_20260718_081030.jpg,4,Avicennia_marina,4dbb9bdd7d01b7d0e669d1ba7e7a61af63b05abe3259a6255389536ed733797c,image:4dbb9bdd7d01b7d0e669d1ba7e7a61af63b05abe3259a6255389536ed733797c,train,dataset/retraining/EfficientNet-B0/rebuild_20260926/dataset/train/Avicennia_marina/4dbb9bdd7d01b7d0e669d1ba7e7a61af63b05abe3259a6255389536ed733797c.jpg,image:4dbb9bdd7d01b7d0e669d1ba7e7a61af63b05abe3259a6255389536ed733797c
Avicennia_marina/canopy/Avicennia_marina - 2026-07-16T144424.747.jpeg,4,Avicennia_marina,4dd9d6466935eedb0d0b2a338430c7122bf1679602b92522726e0637d337770a,image:4dd9d6466935eedb0d0b2a338430c7122bf1679602b92522726e0637d337770a,train,dataset/retraining/EfficientNet-B0/rebuild_20260926/dataset/train/Avicennia_marina/4dd9d6466935eedb0d0b2a338430c7122bf1679602b92522726e0637d337770a.jpg,image:4dd9d6466935eedb0d0b2a338430c7122bf1679602b92522726e0637d337770a
Rhizophora_mucronata/canopy/imgi_148_medium.jpg,21,Rhizophora_mucronata,4f20e83452c48518d1caad749fc6d4dde7f1d13e331185909370c1473905269e,image:4f20e83452c48518d1caad749fc6d4dde7f1d13e331185909370c1473905269e,train,dataset/retraining/EfficientNet-B0/rebuild_20260926/dataset/train/Rhizophora_mucronata/4f20e83452c48518d1caad749fc6d4dde7f1d13e331185909370c1473905269e.jpg,image:4f20e83452c48518d1caad749fc6d4dde7f1d13e331185909370c1473905269e
Ceriops_tagal/canopy/Ceriops (54).jpeg,11,Ceriops_tagal,4f9bbb7c999009e5ba2d82dcc61da40863d93faf2b59e7752675bcafb60bbe75,image:4f9bbb7c999009e5ba2d82dcc61da40863d93faf2b59e7752675bcafb60bbe75,train,dataset/retraining/EfficientNet-B0/rebuild_20260926/dataset/train/Ceriops_tagal/4f9bbb7c999009e5ba2d82dcc61da40863d93faf2b59e7752675bcafb60bbe75.jpg,image:4f9bbb7c999009e5ba2d82dcc61da40863d93faf2b59e7752675bcafb60bbe75
Rhizophora_mucronata/canopy/imgi_109_medium.jpg,21,Rhizophora_mucronata,5055a4d7e87536b3102b3419feac63f0b86e1cd141988cda0d8347e2b8d5418b,image:5055a4d7e87536b3102b3419feac63f0b86e1cd141988cda0d8347e2b8d5418b,train,dataset/retraining/EfficientNet-B0/rebuild_20260926/dataset/train/Rhizophora_mucronata/5055a4d7e87536b3102b3419feac63f0b86e1cd141988cda0d8347e2b8d5418b.jpg,image:5055a4d7e87536b3102b3419feac63f0b86e1cd141988cda0d8347e2b8d5418b
Ceriops_tagal/canopy/Ceriops (42).jpeg,11,Ceriops_tagal,513ba00888593527a6fce9b0d7573fcb2ba9ddd59917939c20dac664b005b504,image:513ba00888593527a6fce9b0d7573fcb2ba9ddd59917939c20dac664b005b504,train,dataset/retraining/EfficientNet-B0/rebuild_20260926/dataset/train/Ceriops_tagal/513ba00888593527a6fce9b0d7573fcb2ba9ddd59917939c20dac664b005b504.jpg,image:513ba00888593527a6fce9b0d7573fcb2ba9ddd59917939c20dac664b005b504
Avicennia_marina/canopy/Avicennia_marina - 2026-07-16T144435.595.jpeg,4,Avicennia_marina,5150472bbe97a4e6055c2ba377ac9c8c28fcc6ad6264d181c52059e6210c4741,image:5150472bbe97a4e6055c2ba377ac9c8c28fcc6ad6264d181c52059e6210c4741,train,dataset/retraining/EfficientNet-B0/rebuild_20260926/dataset/train/Avicennia_marina/5150472bbe97a4e6055c2ba377ac9c8c28fcc6ad6264d181c52059e6210c4741.jpg,image:5150472bbe97a4e6055c2ba377ac9c8c28fcc6ad6264d181c52059e6210c4741
Avicennia_marina/canopy/Avicennia_marina - 2026-07-16T144443.088.jpeg,4,Avicennia_marina,51c32b62bf21964efe0a037cd089bc1e1fe0d72b9428235fc770ec1e1aadf97c,image:51c32b62bf21964efe0a037cd089bc1e1fe0d72b9428235fc770ec1e1aadf97c,train,dataset/retraining/EfficientNet-B0/rebuild_20260926/dataset/train/Avicennia_marina/51c32b62bf21964efe0a037cd089bc1e1fe0d72b9428235fc770ec1e1aadf97c.jpg,image:51c32b62bf21964efe0a037cd089bc1e1fe0d72b9428235fc770ec1e1aadf97c
Avicennia_marina/canopy/Avicennia_marina - 2026-07-16T144425.825.jpeg,4,Avicennia_marina,527452e2b1b5eda3f9f619bd368c8f30c026203198f9b70cce755406010a5920,image:527452e2b1b5eda3f9f619bd368c8f30c026203198f9b70cce755406010a5920,train,dataset/retraining/EfficientNet-B0/rebuild_20260926/dataset/train/Avicennia_marina/527452e2b1b5eda3f9f619bd368c8f30c026203198f9b70cce755406010a5920.jpg,image:527452e2b1b5eda3f9f619bd368c8f30c026203198f9b70cce755406010a5920
Rhizophora_mucronata/canopy/imgi_48_medium.jpg,21,Rhizophora_mucronata,5297d3517675e83548cacf3a59da3f0bae0785903944b007838eb9b1fd9dd7b5,image:5297d3517675e83548cacf3a59da3f0bae0785903944b007838eb9b1fd9dd7b5,train,dataset/retraining/EfficientNet-B0/rebuild_20260926/dataset/train/Rhizophora_mucronata/5297d3517675e83548cacf3a59da3f0bae0785903944b007838eb9b1fd9dd7b5.jpg,image:5297d3517675e83548cacf3a59da3f0bae0785903944b007838eb9b1fd9dd7b5
Rhizophora_mucronata/canopy/imgi_41_medium.jpg,21,Rhizophora_mucronata,5373d432acd00e018627086af4f34425ea387fdcee389076c8e8dabe3d1aedd8,image:5373d432acd00e018627086af4f34425ea387fdcee389076c8e8dabe3d1aedd8,train,dataset/retraining/EfficientNet-B0/rebuild_20260926/dataset/train/Rhizophora_mucronata/5373d432acd00e018627086af4f34425ea387fdcee389076c8e8dabe3d1aedd8.jpg,image:5373d432acd00e018627086af4f34425ea387fdcee389076c8e8dabe3d1aedd8
Rhizophora_mucronata/canopy/imgi_167_medium - Copy.jpg,21,Rhizophora_mucronata,537490cd9d19dd5ee4c587c1ede21c24ebee7b8fc29cd2f4ed70deb3f280b4d8,image:537490cd9d19dd5ee4c587c1ede21c24ebee7b8fc29cd2f4ed70deb3f280b4d8,train,dataset/retraining/EfficientNet-B0/rebuild_20260926/dataset/train/Rhizophora_mucronata/537490cd9d19dd5ee4c587c1ede21c24ebee7b8fc29cd2f4ed70deb3f280b4d8.jpg,image:537490cd9d19dd5ee4c587c1ede21c24ebee7b8fc29cd2f4ed70deb3f280b4d8
Rhizophora_mucronata/canopy/imgi_260_medium.jpg,21,Rhizophora_mucronata,544476dbe382385c01adc44d840773a9789dd93fc3a55c58c0c54e5a64b82da6,image:544476dbe382385c01adc44d840773a9789dd93fc3a55c58c0c54e5a64b82da6,val,dataset/retraining/EfficientNet-B0/rebuild_20260926/dataset/val/Rhizophora_mucronata/544476dbe382385c01adc44d840773a9789dd93fc3a55c58c0c54e5a64b82da6.jpg,image:544476dbe382385c01adc44d840773a9789dd93fc3a55c58c0c54e5a64b82da6
Rhizophora_apiculata/canopy/images (5).jpg,20,Rhizophora_apiculata,55ecc0092d424b4e1746ae1e0b36b050235bf232136237d4e531ec390b499c86,image:55ecc0092d424b4e1746ae1e0b36b050235bf232136237d4e531ec390b499c86,train,dataset/retraining/EfficientNet-B0/rebuild_20260926/dataset/train/Rhizophora_apiculata/55ecc0092d424b4e1746ae1e0b36b050235bf232136237d4e531ec390b499c86.jpg,image:55ecc0092d424b4e1746ae1e0b36b050235bf232136237d4e531ec390b499c86
Avicennia_marina/canopy/Avicennia_marina - 2026-07-16T144445.315.jpeg,4,Avicennia_marina,569b8aa16a00ba204ef0202fc38cebf1002f75234ad8cf3527408edc1ed718fd,image:569b8aa16a00ba204ef0202fc38cebf1002f75234ad8cf3527408edc1ed718fd,train,dataset/retraining/EfficientNet-B0/rebuild_20260926/dataset/train/Avicennia_marina/569b8aa16a00ba204ef0202fc38cebf1002f75234ad8cf3527408edc1ed718fd.jpg,image:569b8aa16a00ba204ef0202fc38cebf1002f75234ad8cf3527408edc1ed718fd
Sonneratia_alba/canopy/sonneratia alba (61).jpeg,24,Sonneratia_alba,56c3fd8cf8077d4a960636353fec9e60743bd3fece3caf72f8e430ad15e867ce,image:56c3fd8cf8077d4a960636353fec9e60743bd3fece3caf72f8e430ad15e867ce,val,dataset/retraining/EfficientNet-B0/rebuild_20260926/dataset/val/Sonneratia_alba/56c3fd8cf8077d4a960636353fec9e60743bd3fece3caf72f8e430ad15e867ce.jpg,image:56c3fd8cf8077d4a960636353fec9e60743bd3fece3caf72f8e430ad15e867ce
Avicennia_marina/canopy/IMG_20260718_073024_1.jpg,4,Avicennia_marina,5765d314e64c2f4f92a75e56996c441260a1722f364993cb0a87bedf815eb7b8,image:5765d314e64c2f4f92a75e56996c441260a1722f364993cb0a87bedf815eb7b8,train,dataset/retraining/EfficientNet-B0/rebuild_20260926/dataset/train/Avicennia_marina/5765d314e64c2f4f92a75e56996c441260a1722f364993cb0a87bedf815eb7b8.jpg,image:5765d314e64c2f4f92a75e56996c441260a1722f364993cb0a87bedf815eb7b8
Avicennia_marina/canopy/.trashed-1786924507-IMG20260718073202.jpg,4,Avicennia_marina,57f2373a48ca63f48c762e3d232fed04e0ce9bd67b6344e49366e95a6fe7bad7,image:57f2373a48ca63f48c762e3d232fed04e0ce9bd67b6344e49366e95a6fe7bad7,train,dataset/retraining/EfficientNet-B0/rebuild_20260926/dataset/train/Avicennia_marina/57f2373a48ca63f48c762e3d232fed04e0ce9bd67b6344e49366e95a6fe7bad7.jpg,image:57f2373a48ca63f48c762e3d232fed04e0ce9bd67b6344e49366e95a6fe7bad7
Rhizophora_mucronata/canopy/imgi_126_medium.jpg,21,Rhizophora_mucronata,58bba46fcf04bbee195317d0f8e933632b89a078b6dd87f1a4df64a7cf2a0d1c,image:58bba46fcf04bbee195317d0f8e933632b89a078b6dd87f1a4df64a7cf2a0d1c,train,dataset/retraining/EfficientNet-B0/rebuild_20260926/dataset/train/Rhizophora_mucronata/58bba46fcf04bbee195317d0f8e933632b89a078b6dd87f1a4df64a7cf2a0d1c.jpg,image:58bba46fcf04bbee195317d0f8e933632b89a078b6dd87f1a4df64a7cf2a0d1c
Rhizophora_stylosa/canopy/Rhizophora sstylosa (97).jpeg,22,Rhizophora_stylosa,598553d674df34a4d3d6e86399b7fdf06f3aed6980f569aca8bb52c1aa80849c,image:598553d674df34a4d3d6e86399b7fdf06f3aed6980f569aca8bb52c1aa80849c,train,dataset/retraining/EfficientNet-B0/rebuild_20260926/dataset/train/Rhizophora_stylosa/598553d674df34a4d3d6e86399b7fdf06f3aed6980f569aca8bb52c1aa80849c.jpg,image:598553d674df34a4d3d6e86399b7fdf06f3aed6980f569aca8bb52c1aa80849c
Rhizophora_apiculata/canopy/large (1).jpg,20,Rhizophora_apiculata,5bb68476a42e8d12bc0f8a2d4481869ec5a02f35e7c0fe19bab0817e151fcd3b,image:5bb68476a42e8d12bc0f8a2d4481869ec5a02f35e7c0fe19bab0817e151fcd3b,train,dataset/retraining/EfficientNet-B0/rebuild_20260926/dataset/train/Rhizophora_apiculata/5bb68476a42e8d12bc0f8a2d4481869ec5a02f35e7c0fe19bab0817e151fcd3b.jpg,image:5bb68476a42e8d12bc0f8a2d4481869ec5a02f35e7c0fe19bab0817e151fcd3b
Rhizophora_stylosa/canopy/Rhizophora sstylosa (67).jpeg,22,Rhizophora_stylosa,5ded7820a0acb4a5ddfe067c74253f717862279a4f3b1d29f2ca461b2cf15f6e,image:5ded7820a0acb4a5ddfe067c74253f717862279a4f3b1d29f2ca461b2cf15f6e,train,dataset/retraining/EfficientNet-B0/rebuild_20260926/dataset/train/Rhizophora_stylosa/5ded7820a0acb4a5ddfe067c74253f717862279a4f3b1d29f2ca461b2cf15f6e.jpg,image:5ded7820a0acb4a5ddfe067c74253f717862279a4f3b1d29f2ca461b2cf15f6e
Rhizophora_apiculata/canopy/large (2).jpg,20,Rhizophora_apiculata,5e1a4bd04f7e32e9b895c742cf3525aa475df5f199af4fe4c9257a690a567614,image:5e1a4bd04f7e32e9b895c742cf3525aa475df5f199af4fe4c9257a690a567614,train,dataset/retraining/EfficientNet-B0/rebuild_20260926/dataset/train/Rhizophora_apiculata/5e1a4bd04f7e32e9b895c742cf3525aa475df5f199af4fe4c9257a690a567614.jpg,image:5e1a4bd04f7e32e9b895c742cf3525aa475df5f199af4fe4c9257a690a567614
Rhizophora_mucronata/canopy/imgi_205_medium.jpg,21,Rhizophora_mucronata,5e57084d43d756ccd672d2791ae0846f79adcf576e724c6e50518a655bb93f59,image:5e57084d43d756ccd672d2791ae0846f79adcf576e724c6e50518a655bb93f59,train,dataset/retraining/EfficientNet-B0/rebuild_20260926/dataset/train/Rhizophora_mucronata/5e57084d43d756ccd672d2791ae0846f79adcf576e724c6e50518a655bb93f59.jpg,image:5e57084d43d756ccd672d2791ae0846f79adcf576e724c6e50518a655bb93f59
Bruguiera_gymnorrhiza/canopy/Bruguiera (4).jpeg,8,Bruguiera_gymnorrhiza,5f18fe02f42df4718c6d3b338c233a6d62bc299093ce68d54c314012a2067237,image:5f18fe02f42df4718c6d3b338c233a6d62bc299093ce68d54c314012a2067237,val,dataset/retraining/EfficientNet-B0/rebuild_20260926/dataset/val/Bruguiera_gymnorrhiza/5f18fe02f42df4718c6d3b338c233a6d62bc299093ce68d54c314012a2067237.jpg,image:5f18fe02f42df4718c6d3b338c233a6d62bc299093ce68d54c314012a2067237
Bruguiera_gymnorrhiza/canopy/Bruguiera - 2026-07-16T153237.102.jpeg,8,Bruguiera_gymnorrhiza,60a04069c1fd67cc1318c51cc62e6d6e645e5c3ba46b770b259865246a4a4f6e,image:60a04069c1fd67cc1318c51cc62e6d6e645e5c3ba46b770b259865246a4a4f6e,train,dataset/retraining/EfficientNet-B0/rebuild_20260926/dataset/train/Bruguiera_gymnorrhiza/60a04069c1fd67cc1318c51cc62e6d6e645e5c3ba46b770b259865246a4a4f6e.jpg,image:60a04069c1fd67cc1318c51cc62e6d6e645e5c3ba46b770b259865246a4a4f6e
Rhizophora_stylosa/canopy/Rhizophora sstylosa (94).jpeg,22,Rhizophora_stylosa,60d54731ab47667605bb109ceab5e9ce26d9f2e09a6a647924c4c13d936640e6,image:60d54731ab47667605bb109ceab5e9ce26d9f2e09a6a647924c4c13d936640e6,train,dataset/retraining/EfficientNet-B0/rebuild_20260926/dataset/train/Rhizophora_stylosa/60d54731ab47667605bb109ceab5e9ce26d9f2e09a6a647924c4c13d936640e6.jpg,image:60d54731ab47667605bb109ceab5e9ce26d9f2e09a6a647924c4c13d936640e6
Rhizophora_stylosa/canopy/Rhizophora sstylosa (26).jpeg,22,Rhizophora_stylosa,60eeee895b7c92cfcfd0a04c9a74ac441726062a8c69ac3c0b78339036c38ce8,image:60eeee895b7c92cfcfd0a04c9a74ac441726062a8c69ac3c0b78339036c38ce8,train,dataset/retraining/EfficientNet-B0/rebuild_20260926/dataset/train/Rhizophora_stylosa/60eeee895b7c92cfcfd0a04c9a74ac441726062a8c69ac3c0b78339036c38ce8.jpg,image:60eeee895b7c92cfcfd0a04c9a74ac441726062a8c69ac3c0b78339036c38ce8
Ceriops_tagal/canopy/Ceriops (65).jpeg,11,Ceriops_tagal,61b22334f10a5f4e9fe1dc8b598539420cb3703f1eb3ec9eaf78595738533bbb,image:61b22334f10a5f4e9fe1dc8b598539420cb3703f1eb3ec9eaf78595738533bbb,test,dataset/retraining/EfficientNet-B0/rebuild_20260926/dataset/test/Ceriops_tagal/61b22334f10a5f4e9fe1dc8b598539420cb3703f1eb3ec9eaf78595738533bbb.jpg,image:61b22334f10a5f4e9fe1dc8b598539420cb3703f1eb3ec9eaf78595738533bbb
Bruguiera_gymnorrhiza/canopy/Bruguiera - 2026-07-16T153243.609.jpeg,8,Bruguiera_gymnorrhiza,61be3c759366a3fbf03d512d099129252451ec92c52d409ca835e9812552597c,image:61be3c759366a3fbf03d512d099129252451ec92c52d409ca835e9812552597c,test,dataset/retraining/EfficientNet-B0/rebuild_20260926/dataset/test/Bruguiera_gymnorrhiza/61be3c759366a3fbf03d512d099129252451ec92c52d409ca835e9812552597c.jpg,image:61be3c759366a3fbf03d512d099129252451ec92c52d409ca835e9812552597c
Rhizophora_mucronata/canopy/imgi_54_medium.jpg,21,Rhizophora_mucronata,62b6df447ffff97bd06076be8543b46ec1a1322cd54b3f54101858797b9767ee,image:62b6df447ffff97bd06076be8543b46ec1a1322cd54b3f54101858797b9767ee,test,dataset/retraining/EfficientNet-B0/rebuild_20260926/dataset/test/Rhizophora_mucronata/62b6df447ffff97bd06076be8543b46ec1a1322cd54b3f54101858797b9767ee.jpg,image:62b6df447ffff97bd06076be8543b46ec1a1322cd54b3f54101858797b9767ee
Avicennia_marina/canopy/Avicennia_marina (89).jpeg,4,Avicennia_marina,62fd831f2a41fcea30485c8659750eecc42f9467ed1a9a5848f8953eab358544,image:62fd831f2a41fcea30485c8659750eecc42f9467ed1a9a5848f8953eab358544,train,dataset/retraining/EfficientNet-B0/rebuild_20260926/dataset/train/Avicennia_marina/62fd831f2a41fcea30485c8659750eecc42f9467ed1a9a5848f8953eab358544.jpg,image:62fd831f2a41fcea30485c8659750eecc42f9467ed1a9a5848f8953eab358544
Rhizophora_apiculata/canopy/large (5).jpg,20,Rhizophora_apiculata,6386cd2a49a87b4c543c8c6274a8c3c7e964915a0d8a6e0060a5bec7f396af7d,image:6386cd2a49a87b4c543c8c6274a8c3c7e964915a0d8a6e0060a5bec7f396af7d,test,dataset/retraining/EfficientNet-B0/rebuild_20260926/dataset/test/Rhizophora_apiculata/6386cd2a49a87b4c543c8c6274a8c3c7e964915a0d8a6e0060a5bec7f396af7d.jpg,image:6386cd2a49a87b4c543c8c6274a8c3c7e964915a0d8a6e0060a5bec7f396af7d
Rhizophora_mucronata/canopy/imgi_8_medium - Copy - Copy.jpg,21,Rhizophora_mucronata,63af961d95e61e888a374687cf74d96e489114776129aa5930152e0501f030b0,image:63af961d95e61e888a374687cf74d96e489114776129aa5930152e0501f030b0,train,dataset/retraining/EfficientNet-B0/rebuild_20260926/dataset/train/Rhizophora_mucronata/63af961d95e61e888a374687cf74d96e489114776129aa5930152e0501f030b0.jpg,image:63af961d95e61e888a374687cf74d96e489114776129aa5930152e0501f030b0
Ceriops_tagal/canopy/Ceriops (59).jpeg,11,Ceriops_tagal,6419061d124a134bf74610e75f1961d50c126abb8d7748909342ea097bea1062,image:6419061d124a134bf74610e75f1961d50c126abb8d7748909342ea097bea1062,val,dataset/retraining/EfficientNet-B0/rebuild_20260926/dataset/val/Ceriops_tagal/6419061d124a134bf74610e75f1961d50c126abb8d7748909342ea097bea1062.jpg,image:6419061d124a134bf74610e75f1961d50c126abb8d7748909342ea097bea1062
Rhizophora_apiculata/canopy/IMG_20260718_074835.jpg,20,Rhizophora_apiculata,64fad01c140528ebdf8c8aed3d0a97fcac02503f9404d39d01327132c61225ca,image:64fad01c140528ebdf8c8aed3d0a97fcac02503f9404d39d01327132c61225ca,train,dataset/retraining/EfficientNet-B0/rebuild_20260926/dataset/train/Rhizophora_apiculata/64fad01c140528ebdf8c8aed3d0a97fcac02503f9404d39d01327132c61225ca.jpg,image:64fad01c140528ebdf8c8aed3d0a97fcac02503f9404d39d01327132c61225ca
Rhizophora_mucronata/canopy/imgi_79_medium.jpg,21,Rhizophora_mucronata,65da8cb75882ce2c239c59c919538ab06a3716254a0a2393f0fc2b2c9a6df862,image:65da8cb75882ce2c239c59c919538ab06a3716254a0a2393f0fc2b2c9a6df862,test,dataset/retraining/EfficientNet-B0/rebuild_20260926/dataset/test/Rhizophora_mucronata/65da8cb75882ce2c239c59c919538ab06a3716254a0a2393f0fc2b2c9a6df862.jpg,image:65da8cb75882ce2c239c59c919538ab06a3716254a0a2393f0fc2b2c9a6df862
Ceriops_tagal/canopy/Ceriops - 2026-07-16T160626.779.jpeg,11,Ceriops_tagal,661a95b92a24f8e913d2ea3cec29fd7d07ccf352ab3bb3aac2c0c301ae6c0abe,image:661a95b92a24f8e913d2ea3cec29fd7d07ccf352ab3bb3aac2c0c301ae6c0abe,test,dataset/retraining/EfficientNet-B0/rebuild_20260926/dataset/test/Ceriops_tagal/661a95b92a24f8e913d2ea3cec29fd7d07ccf352ab3bb3aac2c0c301ae6c0abe.jpg,image:661a95b92a24f8e913d2ea3cec29fd7d07ccf352ab3bb3aac2c0c301ae6c0abe
Rhizophora_stylosa/canopy/Rhizophora sstylosa - 2026-07-19T211114.013.jpeg,22,Rhizophora_stylosa,665adbdd40eea6a89bf1dde49a71cf1349d471139a8092c2b45d7b388133b9b5,image:665adbdd40eea6a89bf1dde49a71cf1349d471139a8092c2b45d7b388133b9b5,train,dataset/retraining/EfficientNet-B0/rebuild_20260926/dataset/train/Rhizophora_stylosa/665adbdd40eea6a89bf1dde49a71cf1349d471139a8092c2b45d7b388133b9b5.jpg,image:665adbdd40eea6a89bf1dde49a71cf1349d471139a8092c2b45d7b388133b9b5
Rhizophora_apiculata/canopy/1691316750219.jpg,20,Rhizophora_apiculata,66bdf9e7b9183fce4a0e5ec2ce5adedc0de763ad12d1958be309d57cdd91cd9e,image:66bdf9e7b9183fce4a0e5ec2ce5adedc0de763ad12d1958be309d57cdd91cd9e,train,dataset/retraining/EfficientNet-B0/rebuild_20260926/dataset/train/Rhizophora_apiculata/66bdf9e7b9183fce4a0e5ec2ce5adedc0de763ad12d1958be309d57cdd91cd9e.jpg,image:66bdf9e7b9183fce4a0e5ec2ce5adedc0de763ad12d1958be309d57cdd91cd9e
Rhizophora_mucronata/canopy/imgi_234_medium - Copy - Copy.jpg,21,Rhizophora_mucronata,697c57bf42d8e7be701d925187419d82615e00ee464d5e4e56af29935a522fd0,image:697c57bf42d8e7be701d925187419d82615e00ee464d5e4e56af29935a522fd0,train,dataset/retraining/EfficientNet-B0/rebuild_20260926/dataset/train/Rhizophora_mucronata/697c57bf42d8e7be701d925187419d82615e00ee464d5e4e56af29935a522fd0.jpg,image:697c57bf42d8e7be701d925187419d82615e00ee464d5e4e56af29935a522fd0
Rhizophora_mucronata/canopy/imgi_30_medium.jpg,21,Rhizophora_mucronata,6b19122223209598493d164d827f0dbbd74aced495d9c20a2f7c81c7c7f515c7,image:6b19122223209598493d164d827f0dbbd74aced495d9c20a2f7c81c7c7f515c7,test,dataset/retraining/EfficientNet-B0/rebuild_20260926/dataset/test/Rhizophora_mucronata/6b19122223209598493d164d827f0dbbd74aced495d9c20a2f7c81c7c7f515c7.jpg,image:6b19122223209598493d164d827f0dbbd74aced495d9c20a2f7c81c7c7f515c7
Rhizophora_mucronata/canopy/imgi_202_medium - Copy (2).jpg,21,Rhizophora_mucronata,6b3afb93aa2a9661934b190400337c7b6de5a020f95f05bcb552bb7f54033493,image:6b3afb93aa2a9661934b190400337c7b6de5a020f95f05bcb552bb7f54033493,test,dataset/retraining/EfficientNet-B0/rebuild_20260926/dataset/test/Rhizophora_mucronata/6b3afb93aa2a9661934b190400337c7b6de5a020f95f05bcb552bb7f54033493.jpg,image:6b3afb93aa2a9661934b190400337c7b6de5a020f95f05bcb552bb7f54033493
Rhizophora_mucronata/canopy/imgi_203_medium.jpg,21,Rhizophora_mucronata,6b4bb7c627749c97d3d2de39c2826a1618e931693eb2fbf6847f1b15e9bf58fc,image:6b4bb7c627749c97d3d2de39c2826a1618e931693eb2fbf6847f1b15e9bf58fc,test,dataset/retraining/EfficientNet-B0/rebuild_20260926/dataset/test/Rhizophora_mucronata/6b4bb7c627749c97d3d2de39c2826a1618e931693eb2fbf6847f1b15e9bf58fc.jpg,image:6b4bb7c627749c97d3d2de39c2826a1618e931693eb2fbf6847f1b15e9bf58fc
Rhizophora_stylosa/canopy/Rhizophora sstylosa (64).jpeg,22,Rhizophora_stylosa,6f6484cd398ffc53d04a1012f3adbda7454f4fcf9e921b37b655c7baf36446aa,image:6f6484cd398ffc53d04a1012f3adbda7454f4fcf9e921b37b655c7baf36446aa,train,dataset/retraining/EfficientNet-B0/rebuild_20260926/dataset/train/Rhizophora_stylosa/6f6484cd398ffc53d04a1012f3adbda7454f4fcf9e921b37b655c7baf36446aa.jpg,image:6f6484cd398ffc53d04a1012f3adbda7454f4fcf9e921b37b655c7baf36446aa
Rhizophora_mucronata/canopy/imgi_154_medium.jpg,21,Rhizophora_mucronata,6fbef64fd65bb8fbefd6dd9ff96f6671b284d3e7798886cef12bea88eba5d415,image:6fbef64fd65bb8fbefd6dd9ff96f6671b284d3e7798886cef12bea88eba5d415,train,dataset/retraining/EfficientNet-B0/rebuild_20260926/dataset/train/Rhizophora_mucronata/6fbef64fd65bb8fbefd6dd9ff96f6671b284d3e7798886cef12bea88eba5d415.jpg,image:6fbef64fd65bb8fbefd6dd9ff96f6671b284d3e7798886cef12bea88eba5d415
Avicennia_marina/canopy/IMG_20260718_081326.jpg,4,Avicennia_marina,6ff16e992d45b25ff7e997ada4cabf53b82551d585f6b5647684f3a4b7d63584,image:6ff16e992d45b25ff7e997ada4cabf53b82551d585f6b5647684f3a4b7d63584,train,dataset/retraining/EfficientNet-B0/rebuild_20260926/dataset/train/Avicennia_marina/6ff16e992d45b25ff7e997ada4cabf53b82551d585f6b5647684f3a4b7d63584.jpg,image:6ff16e992d45b25ff7e997ada4cabf53b82551d585f6b5647684f3a4b7d63584
Ceriops_tagal/canopy/Ceriops (53).jpeg,11,Ceriops_tagal,708388897b5e24c7b515afe4bae6eb5bca26abd7ad0272203daf49d0c7e1ddbd,image:708388897b5e24c7b515afe4bae6eb5bca26abd7ad0272203daf49d0c7e1ddbd,train,dataset/retraining/EfficientNet-B0/rebuild_20260926/dataset/train/Ceriops_tagal/708388897b5e24c7b515afe4bae6eb5bca26abd7ad0272203daf49d0c7e1ddbd.jpg,image:708388897b5e24c7b515afe4bae6eb5bca26abd7ad0272203daf49d0c7e1ddbd
Rhizophora_mucronata/canopy/imgi_162_medium.jpg,21,Rhizophora_mucronata,73f5a03a256d496861fd0d6a29339a3dfc6e14ec74ad382d11163cfef99281f5,image:73f5a03a256d496861fd0d6a29339a3dfc6e14ec74ad382d11163cfef99281f5,train,dataset/retraining/EfficientNet-B0/rebuild_20260926/dataset/train/Rhizophora_mucronata/73f5a03a256d496861fd0d6a29339a3dfc6e14ec74ad382d11163cfef99281f5.jpg,image:73f5a03a256d496861fd0d6a29339a3dfc6e14ec74ad382d11163cfef99281f5
Rhizophora_mucronata/canopy/imgi_164_medium - Copy.jpg,21,Rhizophora_mucronata,755627eced4f4dec4626802eb4a29319479e40b62ef3c8233bbc8f33fa00aa09,image:755627eced4f4dec4626802eb4a29319479e40b62ef3c8233bbc8f33fa00aa09,train,dataset/retraining/EfficientNet-B0/rebuild_20260926/dataset/train/Rhizophora_mucronata/755627eced4f4dec4626802eb4a29319479e40b62ef3c8233bbc8f33fa00aa09.jpg,image:755627eced4f4dec4626802eb4a29319479e40b62ef3c8233bbc8f33fa00aa09
Sonneratia_alba/canopy/sonneratia alba - 2026-07-20T131545.709.jpeg,24,Sonneratia_alba,75d43853287f86759184df549abae05fc08ccc8c63111caea2ef38a8a4ff798a,image:75d43853287f86759184df549abae05fc08ccc8c63111caea2ef38a8a4ff798a,train,dataset/retraining/EfficientNet-B0/rebuild_20260926/dataset/train/Sonneratia_alba/75d43853287f86759184df549abae05fc08ccc8c63111caea2ef38a8a4ff798a.jpg,image:75d43853287f86759184df549abae05fc08ccc8c63111caea2ef38a8a4ff798a
Rhizophora_apiculata/canopy/images (1).jpg,20,Rhizophora_apiculata,7672c94098893c5db84cd86878947b0d9faca814a6b92f7f9f91e58bf1efbb05,image:7672c94098893c5db84cd86878947b0d9faca814a6b92f7f9f91e58bf1efbb05,train,dataset/retraining/EfficientNet-B0/rebuild_20260926/dataset/train/Rhizophora_apiculata/7672c94098893c5db84cd86878947b0d9faca814a6b92f7f9f91e58bf1efbb05.jpg,image:7672c94098893c5db84cd86878947b0d9faca814a6b92f7f9f91e58bf1efbb05
Bruguiera_gymnorrhiza/canopy/Bruguiera (55).jpeg,8,Bruguiera_gymnorrhiza,7781db0496cf07a595e37794f235124bbb7d423c4e1dfa93a480fda329198381,image:7781db0496cf07a595e37794f235124bbb7d423c4e1dfa93a480fda329198381,test,dataset/retraining/EfficientNet-B0/rebuild_20260926/dataset/test/Bruguiera_gymnorrhiza/7781db0496cf07a595e37794f235124bbb7d423c4e1dfa93a480fda329198381.jpg,image:7781db0496cf07a595e37794f235124bbb7d423c4e1dfa93a480fda329198381
Bruguiera_gymnorrhiza/canopy/Bruguiera - 2026-07-16T153248.984.jpeg,8,Bruguiera_gymnorrhiza,77e7ed82e629e2008c40fd000a98a9be3ffbbf1f68a593c009c61e85d6dd74da,image:77e7ed82e629e2008c40fd000a98a9be3ffbbf1f68a593c009c61e85d6dd74da,train,dataset/retraining/EfficientNet-B0/rebuild_20260926/dataset/train/Bruguiera_gymnorrhiza/77e7ed82e629e2008c40fd000a98a9be3ffbbf1f68a593c009c61e85d6dd74da.jpg,image:77e7ed82e629e2008c40fd000a98a9be3ffbbf1f68a593c009c61e85d6dd74da
Rhizophora_mucronata/canopy/imgi_291_small.jpg,21,Rhizophora_mucronata,788cd3e83c054e7fcaceac458551ef3be7a03f26033432bfe9ab0016bdbbedab,image:788cd3e83c054e7fcaceac458551ef3be7a03f26033432bfe9ab0016bdbbedab,val,dataset/retraining/EfficientNet-B0/rebuild_20260926/dataset/val/Rhizophora_mucronata/788cd3e83c054e7fcaceac458551ef3be7a03f26033432bfe9ab0016bdbbedab.jpg,image:788cd3e83c054e7fcaceac458551ef3be7a03f26033432bfe9ab0016bdbbedab
Rhizophora_stylosa/canopy/Rhizophora sstylosa (73).jpeg,22,Rhizophora_stylosa,794515b5a44c8b0ad8863a1ce50fb75c25a5e64b04958e17a6e4d959210f35e1,image:794515b5a44c8b0ad8863a1ce50fb75c25a5e64b04958e17a6e4d959210f35e1,test,dataset/retraining/EfficientNet-B0/rebuild_20260926/dataset/test/Rhizophora_stylosa/794515b5a44c8b0ad8863a1ce50fb75c25a5e64b04958e17a6e4d959210f35e1.jpg,image:794515b5a44c8b0ad8863a1ce50fb75c25a5e64b04958e17a6e4d959210f35e1
Sonneratia_alba/canopy/sonneratia alba (90).jpeg,24,Sonneratia_alba,7b583066883fc0d1b775db41a842616a1534b7338c79003908c11c579de7aaf5,image:7b583066883fc0d1b775db41a842616a1534b7338c79003908c11c579de7aaf5,train,dataset/retraining/EfficientNet-B0/rebuild_20260926/dataset/train/Sonneratia_alba/7b583066883fc0d1b775db41a842616a1534b7338c79003908c11c579de7aaf5.jpg,image:7b583066883fc0d1b775db41a842616a1534b7338c79003908c11c579de7aaf5
Rhizophora_mucronata/canopy/imgi_258_medium - Copy.jpg,21,Rhizophora_mucronata,7bee49f8ad1b5e2b589352d2a06fdc7255b3d2e05667a5ddcead7e24bf898ae9,image:7bee49f8ad1b5e2b589352d2a06fdc7255b3d2e05667a5ddcead7e24bf898ae9,val,dataset/retraining/EfficientNet-B0/rebuild_20260926/dataset/val/Rhizophora_mucronata/7bee49f8ad1b5e2b589352d2a06fdc7255b3d2e05667a5ddcead7e24bf898ae9.jpg,image:7bee49f8ad1b5e2b589352d2a06fdc7255b3d2e05667a5ddcead7e24bf898ae9
Rhizophora_mucronata/canopy/imgi_166_medium - Copy.jpg,21,Rhizophora_mucronata,7c32a09cde369b2573cd2d09eac4cede1b1e965910a67a2efc6fda48a7ea19a3,image:7c32a09cde369b2573cd2d09eac4cede1b1e965910a67a2efc6fda48a7ea19a3,test,dataset/retraining/EfficientNet-B0/rebuild_20260926/dataset/test/Rhizophora_mucronata/7c32a09cde369b2573cd2d09eac4cede1b1e965910a67a2efc6fda48a7ea19a3.jpg,image:7c32a09cde369b2573cd2d09eac4cede1b1e965910a67a2efc6fda48a7ea19a3
Ceriops_tagal/canopy/Ceriops - 2026-07-16T160614.807.jpeg,11,Ceriops_tagal,7d52f9916f7ddfeefe05781be4e3f8dc3026fa6b270864659a1227c75d2a7d58,image:7d52f9916f7ddfeefe05781be4e3f8dc3026fa6b270864659a1227c75d2a7d58,val,dataset/retraining/EfficientNet-B0/rebuild_20260926/dataset/val/Ceriops_tagal/7d52f9916f7ddfeefe05781be4e3f8dc3026fa6b270864659a1227c75d2a7d58.jpg,image:7d52f9916f7ddfeefe05781be4e3f8dc3026fa6b270864659a1227c75d2a7d58
Rhizophora_apiculata/canopy/IMG_20260718_075445.jpg,20,Rhizophora_apiculata,7d6f6b1dd24f2487402e5e892510d63d578efe8a21f72445e798de2b34be0361,image:7d6f6b1dd24f2487402e5e892510d63d578efe8a21f72445e798de2b34be0361,test,dataset/retraining/EfficientNet-B0/rebuild_20260926/dataset/test/Rhizophora_apiculata/7d6f6b1dd24f2487402e5e892510d63d578efe8a21f72445e798de2b34be0361.jpg,image:7d6f6b1dd24f2487402e5e892510d63d578efe8a21f72445e798de2b34be0361
Excoecaria_agallocha/canopy/Rhizophora sstylosa (22).jpeg,13,Excoecaria_agallocha,7e806b77d19301e7f09de87f76d2432ad2664fa1df30ecc49e58d88073dbea6a,image:7e806b77d19301e7f09de87f76d2432ad2664fa1df30ecc49e58d88073dbea6a,train,dataset/retraining/EfficientNet-B0/rebuild_20260926/dataset/train/Excoecaria_agallocha/7e806b77d19301e7f09de87f76d2432ad2664fa1df30ecc49e58d88073dbea6a.jpg,image:7e806b77d19301e7f09de87f76d2432ad2664fa1df30ecc49e58d88073dbea6a
Ceriops_tagal/canopy/Ceriops - 2026-07-16T160635.936.jpeg,11,Ceriops_tagal,7f17144a517490b3d42c3cff9a8a4f76abcb54d7bf639d3d4f1bf75cfb5c2407,image:7f17144a517490b3d42c3cff9a8a4f76abcb54d7bf639d3d4f1bf75cfb5c2407,train,dataset/retraining/EfficientNet-B0/rebuild_20260926/dataset/train/Ceriops_tagal/7f17144a517490b3d42c3cff9a8a4f76abcb54d7bf639d3d4f1bf75cfb5c2407.jpg,image:7f17144a517490b3d42c3cff9a8a4f76abcb54d7bf639d3d4f1bf75cfb5c2407
Rhizophora_stylosa/canopy/Rhizophora sstylosa (53).jpeg,22,Rhizophora_stylosa,7faa416d5196159a9b6e5728f5cea90615391743d034818dc1593be7e5a6049f,image:7faa416d5196159a9b6e5728f5cea90615391743d034818dc1593be7e5a6049f,train,dataset/retraining/EfficientNet-B0/rebuild_20260926/dataset/train/Rhizophora_stylosa/7faa416d5196159a9b6e5728f5cea90615391743d034818dc1593be7e5a6049f.jpg,image:7faa416d5196159a9b6e5728f5cea90615391743d034818dc1593be7e5a6049f
Avicennia_marina/canopy/Avicennia_marina (44).jpeg,4,Avicennia_marina,7ff5a5ce0d4cfb80f32db3758500ba69f2d9f120e3fa4eaa37dbc40076b9d6fa,image:7ff5a5ce0d4cfb80f32db3758500ba69f2d9f120e3fa4eaa37dbc40076b9d6fa,train,dataset/retraining/EfficientNet-B0/rebuild_20260926/dataset/train/Avicennia_marina/7ff5a5ce0d4cfb80f32db3758500ba69f2d9f120e3fa4eaa37dbc40076b9d6fa.jpg,image:7ff5a5ce0d4cfb80f32db3758500ba69f2d9f120e3fa4eaa37dbc40076b9d6fa
Sonneratia_alba/canopy/IMG_20260718_082359.jpg,24,Sonneratia_alba,806192e7a3637befaed1d9b5812f14c30a9598239aff1adc5a4d24d2918f019b,image:806192e7a3637befaed1d9b5812f14c30a9598239aff1adc5a4d24d2918f019b,train,dataset/retraining/EfficientNet-B0/rebuild_20260926/dataset/train/Sonneratia_alba/806192e7a3637befaed1d9b5812f14c30a9598239aff1adc5a4d24d2918f019b.jpg,image:806192e7a3637befaed1d9b5812f14c30a9598239aff1adc5a4d24d2918f019b
Sonneratia_alba/canopy/sonneratia alba - 2026-07-20T131558.260.jpeg,24,Sonneratia_alba,81733c04e0c5ce57c0ff9fc3449bf8a9f6983415e4aa348a13fec94d2898a441,image:81733c04e0c5ce57c0ff9fc3449bf8a9f6983415e4aa348a13fec94d2898a441,val,dataset/retraining/EfficientNet-B0/rebuild_20260926/dataset/val/Sonneratia_alba/81733c04e0c5ce57c0ff9fc3449bf8a9f6983415e4aa348a13fec94d2898a441.jpg,image:81733c04e0c5ce57c0ff9fc3449bf8a9f6983415e4aa348a13fec94d2898a441
Ceriops_tagal/canopy/Ceriops - 2026-07-16T160631.738.jpeg,11,Ceriops_tagal,82758345c37b513b6e690002c8763b8b48de035f8029bd8b73d56cefa16577a1,image:82758345c37b513b6e690002c8763b8b48de035f8029bd8b73d56cefa16577a1,train,dataset/retraining/EfficientNet-B0/rebuild_20260926/dataset/train/Ceriops_tagal/82758345c37b513b6e690002c8763b8b48de035f8029bd8b73d56cefa16577a1.jpg,image:82758345c37b513b6e690002c8763b8b48de035f8029bd8b73d56cefa16577a1
Ceriops_tagal/canopy/Ceriops - 2026-07-16T160635.742.jpeg,11,Ceriops_tagal,832dd320914cf88e8e3fbae1721eceaccbbc7929e3af9a7432d99a74fe3acad8,image:832dd320914cf88e8e3fbae1721eceaccbbc7929e3af9a7432d99a74fe3acad8,val,dataset/retraining/EfficientNet-B0/rebuild_20260926/dataset/val/Ceriops_tagal/832dd320914cf88e8e3fbae1721eceaccbbc7929e3af9a7432d99a74fe3acad8.jpg,image:832dd320914cf88e8e3fbae1721eceaccbbc7929e3af9a7432d99a74fe3acad8
Sonneratia_alba/canopy/sonneratia alba (36).jpeg,24,Sonneratia_alba,83343f4347e75dac0aa45acc8598df1cb9d121c9a6d651dcdcd8a48de6c67745,image:83343f4347e75dac0aa45acc8598df1cb9d121c9a6d651dcdcd8a48de6c67745,test,dataset/retraining/EfficientNet-B0/rebuild_20260926/dataset/test/Sonneratia_alba/83343f4347e75dac0aa45acc8598df1cb9d121c9a6d651dcdcd8a48de6c67745.jpg,image:83343f4347e75dac0aa45acc8598df1cb9d121c9a6d651dcdcd8a48de6c67745
Rhizophora_stylosa/canopy/Rhizophora sstylosa (90).jpeg,22,Rhizophora_stylosa,84bf5aa790af92995371adf902821008244a90232fc82b6f0061f75029cb8657,image:84bf5aa790af92995371adf902821008244a90232fc82b6f0061f75029cb8657,test,dataset/retraining/EfficientNet-B0/rebuild_20260926/dataset/test/Rhizophora_stylosa/84bf5aa790af92995371adf902821008244a90232fc82b6f0061f75029cb8657.jpg,image:84bf5aa790af92995371adf902821008244a90232fc82b6f0061f75029cb8657
Rhizophora_mucronata/canopy/imgi_237_medium.jpg,21,Rhizophora_mucronata,854aa94ff56963cb2d9cbd4cf15d5e2431a0c19c0c70c9b84996e913b1340695,image:854aa94ff56963cb2d9cbd4cf15d5e2431a0c19c0c70c9b84996e913b1340695,val,dataset/retraining/EfficientNet-B0/rebuild_20260926/dataset/val/Rhizophora_mucronata/854aa94ff56963cb2d9cbd4cf15d5e2431a0c19c0c70c9b84996e913b1340695.jpg,image:854aa94ff56963cb2d9cbd4cf15d5e2431a0c19c0c70c9b84996e913b1340695
Xylocarpus_granatum/canopy/images (16).jpg,26,Xylocarpus_granatum,856cdd38a8b5f5ad48d0e62b3b73dd7e4b173bec81e296420e6ce00eb4825c29,image:856cdd38a8b5f5ad48d0e62b3b73dd7e4b173bec81e296420e6ce00eb4825c29,val,dataset/retraining/EfficientNet-B0/rebuild_20260926/dataset/val/Xylocarpus_granatum/856cdd38a8b5f5ad48d0e62b3b73dd7e4b173bec81e296420e6ce00eb4825c29.jpg,image:856cdd38a8b5f5ad48d0e62b3b73dd7e4b173bec81e296420e6ce00eb4825c29
Ceriops_tagal/canopy/Ceriops - 2026-07-16T160626.239.jpeg,11,Ceriops_tagal,86b4146779751f71a2754021096488ac4ac689badda678020bc208f8a5b197b5,image:86b4146779751f71a2754021096488ac4ac689badda678020bc208f8a5b197b5,train,dataset/retraining/EfficientNet-B0/rebuild_20260926/dataset/train/Ceriops_tagal/86b4146779751f71a2754021096488ac4ac689badda678020bc208f8a5b197b5.jpg,image:86b4146779751f71a2754021096488ac4ac689badda678020bc208f8a5b197b5
Rhizophora_mucronata/canopy/imgi_204_medium.jpg,21,Rhizophora_mucronata,88a03e60dd05aafd6ace1cbf3979e591c1664c2bbfb1e95d8aaab02cb7258fc0,image:88a03e60dd05aafd6ace1cbf3979e591c1664c2bbfb1e95d8aaab02cb7258fc0,train,dataset/retraining/EfficientNet-B0/rebuild_20260926/dataset/train/Rhizophora_mucronata/88a03e60dd05aafd6ace1cbf3979e591c1664c2bbfb1e95d8aaab02cb7258fc0.jpg,image:88a03e60dd05aafd6ace1cbf3979e591c1664c2bbfb1e95d8aaab02cb7258fc0
Ceriops_tagal/canopy/Ceriops - 2026-07-16T160631.410.jpeg,11,Ceriops_tagal,8a80440445b3530722b6d86823e063a4b44b762f576602a40138249a1563c001,image:8a80440445b3530722b6d86823e063a4b44b762f576602a40138249a1563c001,train,dataset/retraining/EfficientNet-B0/rebuild_20260926/dataset/train/Ceriops_tagal/8a80440445b3530722b6d86823e063a4b44b762f576602a40138249a1563c001.jpg,image:8a80440445b3530722b6d86823e063a4b44b762f576602a40138249a1563c001
Sonneratia_alba/canopy/sonneratia alba - 2026-07-20T131546.460.jpeg,24,Sonneratia_alba,8b8c778186318bde21e76c91826e7262581577d4148e17752eb020cb89349d01,image:8b8c778186318bde21e76c91826e7262581577d4148e17752eb020cb89349d01,train,dataset/retraining/EfficientNet-B0/rebuild_20260926/dataset/train/Sonneratia_alba/8b8c778186318bde21e76c91826e7262581577d4148e17752eb020cb89349d01.jpg,image:8b8c778186318bde21e76c91826e7262581577d4148e17752eb020cb89349d01
Avicennia_marina/canopy/Avicennia_marina - 2026-07-16T144420.337.jpeg,4,Avicennia_marina,8c3bd4beb257de40c3fc70b25a0e6b42fd3a35e4fd47a19f704d4472591ff20f,image:8c3bd4beb257de40c3fc70b25a0e6b42fd3a35e4fd47a19f704d4472591ff20f,train,dataset/retraining/EfficientNet-B0/rebuild_20260926/dataset/train/Avicennia_marina/8c3bd4beb257de40c3fc70b25a0e6b42fd3a35e4fd47a19f704d4472591ff20f.jpg,image:8c3bd4beb257de40c3fc70b25a0e6b42fd3a35e4fd47a19f704d4472591ff20f
Bruguiera_gymnorrhiza/canopy/Bruguiera (48).jpeg,8,Bruguiera_gymnorrhiza,8cd4da4cd5c9a8a40a2b29acc5880a09211f21ae30edd831a5a5e6773109428f,image:8cd4da4cd5c9a8a40a2b29acc5880a09211f21ae30edd831a5a5e6773109428f,val,dataset/retraining/EfficientNet-B0/rebuild_20260926/dataset/val/Bruguiera_gymnorrhiza/8cd4da4cd5c9a8a40a2b29acc5880a09211f21ae30edd831a5a5e6773109428f.jpg,image:8cd4da4cd5c9a8a40a2b29acc5880a09211f21ae30edd831a5a5e6773109428f
Rhizophora_stylosa/canopy/Rhizophora sstylosa - 2026-07-19T211052.865.jpeg,22,Rhizophora_stylosa,8e2ea119f46f21703e69eb08da7760d09e33cc76d077c3c3bc4a50265748ac38,image:8e2ea119f46f21703e69eb08da7760d09e33cc76d077c3c3bc4a50265748ac38,train,dataset/retraining/EfficientNet-B0/rebuild_20260926/dataset/train/Rhizophora_stylosa/8e2ea119f46f21703e69eb08da7760d09e33cc76d077c3c3bc4a50265748ac38.jpg,image:8e2ea119f46f21703e69eb08da7760d09e33cc76d077c3c3bc4a50265748ac38
Rhizophora_stylosa/canopy/Rhizophora sstylosa (22).jpeg,22,Rhizophora_stylosa,8e433693e9ad61f635950d83e5ffce8cec191feaa548ff6d4a9145855953ceba,image:8e433693e9ad61f635950d83e5ffce8cec191feaa548ff6d4a9145855953ceba,train,dataset/retraining/EfficientNet-B0/rebuild_20260926/dataset/train/Rhizophora_stylosa/8e433693e9ad61f635950d83e5ffce8cec191feaa548ff6d4a9145855953ceba.jpg,image:8e433693e9ad61f635950d83e5ffce8cec191feaa548ff6d4a9145855953ceba
Rhizophora_mucronata/canopy/imgi_210_medium.jpg,21,Rhizophora_mucronata,8f63b1269318906c33a2fdff1222ad1d95e2d7f0ab554483790d0a71c8236952,image:8f63b1269318906c33a2fdff1222ad1d95e2d7f0ab554483790d0a71c8236952,train,dataset/retraining/EfficientNet-B0/rebuild_20260926/dataset/train/Rhizophora_mucronata/8f63b1269318906c33a2fdff1222ad1d95e2d7f0ab554483790d0a71c8236952.jpg,image:8f63b1269318906c33a2fdff1222ad1d95e2d7f0ab554483790d0a71c8236952
Bruguiera_gymnorrhiza/canopy/Bruguiera - 2026-07-16T153246.834.jpeg,8,Bruguiera_gymnorrhiza,8fa60ffdfe42c33a2a3865e63abf0f33a7ab05aeae221ec0d5527508694e9b01,image:8fa60ffdfe42c33a2a3865e63abf0f33a7ab05aeae221ec0d5527508694e9b01,train,dataset/retraining/EfficientNet-B0/rebuild_20260926/dataset/train/Bruguiera_gymnorrhiza/8fa60ffdfe42c33a2a3865e63abf0f33a7ab05aeae221ec0d5527508694e9b01.jpg,image:8fa60ffdfe42c33a2a3865e63abf0f33a7ab05aeae221ec0d5527508694e9b01
Ceriops_tagal/canopy/Ceriops - 2026-07-16T160627.954.jpeg,11,Ceriops_tagal,90e5e9e777dc3df8bbb20e15a6816d948344ecc3e79b60a4984a44c30ab253f3,image:90e5e9e777dc3df8bbb20e15a6816d948344ecc3e79b60a4984a44c30ab253f3,train,dataset/retraining/EfficientNet-B0/rebuild_20260926/dataset/train/Ceriops_tagal/90e5e9e777dc3df8bbb20e15a6816d948344ecc3e79b60a4984a44c30ab253f3.jpg,image:90e5e9e777dc3df8bbb20e15a6816d948344ecc3e79b60a4984a44c30ab253f3
Bruguiera_gymnorrhiza/canopy/Bruguiera - 2026-07-16T153238.820.jpeg,8,Bruguiera_gymnorrhiza,9113ac54eed422d13524a07ebe2fcda23fe558c689ab9cdec559eb4f432beb81,image:9113ac54eed422d13524a07ebe2fcda23fe558c689ab9cdec559eb4f432beb81,train,dataset/retraining/EfficientNet-B0/rebuild_20260926/dataset/train/Bruguiera_gymnorrhiza/9113ac54eed422d13524a07ebe2fcda23fe558c689ab9cdec559eb4f432beb81.jpg,image:9113ac54eed422d13524a07ebe2fcda23fe558c689ab9cdec559eb4f432beb81
Rhizophora_mucronata/canopy/imgi_32_medium.jpg,21,Rhizophora_mucronata,92228adac35f4ba73f034a9720b0118478b77ec0b04b4026b9e9656558f46571,image:92228adac35f4ba73f034a9720b0118478b77ec0b04b4026b9e9656558f46571,train,dataset/retraining/EfficientNet-B0/rebuild_20260926/dataset/train/Rhizophora_mucronata/92228adac35f4ba73f034a9720b0118478b77ec0b04b4026b9e9656558f46571.jpg,image:92228adac35f4ba73f034a9720b0118478b77ec0b04b4026b9e9656558f46571
Rhizophora_apiculata/canopy/pngtree-rhizophora-apiculata-blume-forest-apiculata-nature-flora-photo-picture-image_13806880.jpg,20,Rhizophora_apiculata,930a477ee3f493cbc20abf56bb547a53760fadf3f0eae4b88354188b2d8cfeb0,image:930a477ee3f493cbc20abf56bb547a53760fadf3f0eae4b88354188b2d8cfeb0,train,dataset/retraining/EfficientNet-B0/rebuild_20260926/dataset/train/Rhizophora_apiculata/930a477ee3f493cbc20abf56bb547a53760fadf3f0eae4b88354188b2d8cfeb0.jpg,image:930a477ee3f493cbc20abf56bb547a53760fadf3f0eae4b88354188b2d8cfeb0
Sonneratia_alba/canopy/IMG_20260718_082323.jpg,24,Sonneratia_alba,9462e84df162c1b71003d2a15f9921b8b410c7c66a68774d250a836da0528a00,image:9462e84df162c1b71003d2a15f9921b8b410c7c66a68774d250a836da0528a00,train,dataset/retraining/EfficientNet-B0/rebuild_20260926/dataset/train/Sonneratia_alba/9462e84df162c1b71003d2a15f9921b8b410c7c66a68774d250a836da0528a00.jpg,image:9462e84df162c1b71003d2a15f9921b8b410c7c66a68774d250a836da0528a00
Rhizophora_stylosa/canopy/Rhizophora sstylosa - 2026-07-19T211105.236.jpeg,22,Rhizophora_stylosa,94673e29d594b29bd2dce33da19d6114a488e1aa723a9951ef59341e8b7a62c7,image:94673e29d594b29bd2dce33da19d6114a488e1aa723a9951ef59341e8b7a62c7,train,dataset/retraining/EfficientNet-B0/rebuild_20260926/dataset/train/Rhizophora_stylosa/94673e29d594b29bd2dce33da19d6114a488e1aa723a9951ef59341e8b7a62c7.jpg,image:94673e29d594b29bd2dce33da19d6114a488e1aa723a9951ef59341e8b7a62c7
Rhizophora_mucronata/canopy/imgi_221_medium.jpg,21,Rhizophora_mucronata,9614aad10d99f6d704faa2f7e82f685e6558ab3048334c69f7f445275315a039,image:9614aad10d99f6d704faa2f7e82f685e6558ab3048334c69f7f445275315a039,train,dataset/retraining/EfficientNet-B0/rebuild_20260926/dataset/train/Rhizophora_mucronata/9614aad10d99f6d704faa2f7e82f685e6558ab3048334c69f7f445275315a039.jpg,image:9614aad10d99f6d704faa2f7e82f685e6558ab3048334c69f7f445275315a039
Ceriops_tagal/canopy/Ceriops - 2026-07-16T160617.878.jpeg,11,Ceriops_tagal,965ca784266930492a2ff1410114170af0256de19e9b226d1a48a9ad8ee89115,image:965ca784266930492a2ff1410114170af0256de19e9b226d1a48a9ad8ee89115,train,dataset/retraining/EfficientNet-B0/rebuild_20260926/dataset/train/Ceriops_tagal/965ca784266930492a2ff1410114170af0256de19e9b226d1a48a9ad8ee89115.jpg,image:965ca784266930492a2ff1410114170af0256de19e9b226d1a48a9ad8ee89115
Ceriops_tagal/canopy/Ceriops - 2026-07-16T160614.338.jpeg,11,Ceriops_tagal,976e0972cfe9b7c59f09871a016ca2e1820ab5996d1775c44931ab2a7ad81d7d,image:976e0972cfe9b7c59f09871a016ca2e1820ab5996d1775c44931ab2a7ad81d7d,train,dataset/retraining/EfficientNet-B0/rebuild_20260926/dataset/train/Ceriops_tagal/976e0972cfe9b7c59f09871a016ca2e1820ab5996d1775c44931ab2a7ad81d7d.jpg,image:976e0972cfe9b7c59f09871a016ca2e1820ab5996d1775c44931ab2a7ad81d7d
Rhizophora_mucronata/canopy/imgi_147_medium.jpg,21,Rhizophora_mucronata,9822e50a6f4eeebb519ab15ba67f1d2b57a1b124f0334506d6c1abd5e0a7cf0a,image:9822e50a6f4eeebb519ab15ba67f1d2b57a1b124f0334506d6c1abd5e0a7cf0a,test,dataset/retraining/EfficientNet-B0/rebuild_20260926/dataset/test/Rhizophora_mucronata/9822e50a6f4eeebb519ab15ba67f1d2b57a1b124f0334506d6c1abd5e0a7cf0a.jpg,image:9822e50a6f4eeebb519ab15ba67f1d2b57a1b124f0334506d6c1abd5e0a7cf0a
Rhizophora_stylosa/canopy/Rhizophora sstylosa (66).jpeg,22,Rhizophora_stylosa,984c06f8bed552776ef8c655bc676142d228e72d16a0fd74a441aa009a89d320,image:984c06f8bed552776ef8c655bc676142d228e72d16a0fd74a441aa009a89d320,train,dataset/retraining/EfficientNet-B0/rebuild_20260926/dataset/train/Rhizophora_stylosa/984c06f8bed552776ef8c655bc676142d228e72d16a0fd74a441aa009a89d320.jpg,image:984c06f8bed552776ef8c655bc676142d228e72d16a0fd74a441aa009a89d320
Avicennia_marina/canopy/Avicennia_marina - 2026-07-16T144425.306.jpeg,4,Avicennia_marina,98b963092e64e986c7179f3a58825d2dfd5dde505812ef32ea44681d1fb0e0f1,image:98b963092e64e986c7179f3a58825d2dfd5dde505812ef32ea44681d1fb0e0f1,train,dataset/retraining/EfficientNet-B0/rebuild_20260926/dataset/train/Avicennia_marina/98b963092e64e986c7179f3a58825d2dfd5dde505812ef32ea44681d1fb0e0f1.jpg,image:98b963092e64e986c7179f3a58825d2dfd5dde505812ef32ea44681d1fb0e0f1
Rhizophora_mucronata/canopy/imgi_24_medium.jpg,21,Rhizophora_mucronata,9b4f8a51de0088583e8bf1e94b580989086aaf07ee747716058e8896ef6ef002,image:9b4f8a51de0088583e8bf1e94b580989086aaf07ee747716058e8896ef6ef002,train,dataset/retraining/EfficientNet-B0/rebuild_20260926/dataset/train/Rhizophora_mucronata/9b4f8a51de0088583e8bf1e94b580989086aaf07ee747716058e8896ef6ef002.jpg,image:9b4f8a51de0088583e8bf1e94b580989086aaf07ee747716058e8896ef6ef002
Rhizophora_mucronata/canopy/imgi_97_medium.jpg,21,Rhizophora_mucronata,9bd0818ad389d41cc5c5b1e045f1475021844cc377ec4687039bf82484dab625,image:9bd0818ad389d41cc5c5b1e045f1475021844cc377ec4687039bf82484dab625,train,dataset/retraining/EfficientNet-B0/rebuild_20260926/dataset/train/Rhizophora_mucronata/9bd0818ad389d41cc5c5b1e045f1475021844cc377ec4687039bf82484dab625.jpg,image:9bd0818ad389d41cc5c5b1e045f1475021844cc377ec4687039bf82484dab625
Bruguiera_gymnorrhiza/canopy/Bruguiera - 2026-07-16T153242.318.jpeg,8,Bruguiera_gymnorrhiza,9d260d27a397ffddbee401dd12c18d90214458ca6a64ae60ea609e2f22782b38,image:9d260d27a397ffddbee401dd12c18d90214458ca6a64ae60ea609e2f22782b38,train,dataset/retraining/EfficientNet-B0/rebuild_20260926/dataset/train/Bruguiera_gymnorrhiza/9d260d27a397ffddbee401dd12c18d90214458ca6a64ae60ea609e2f22782b38.jpg,image:9d260d27a397ffddbee401dd12c18d90214458ca6a64ae60ea609e2f22782b38
Ceriops_tagal/canopy/Ceriops (46).jpeg,11,Ceriops_tagal,9dcebf59a6fc5897b95f90ddf9530dc9301d019a91ae9b78d48c20af53016017,image:9dcebf59a6fc5897b95f90ddf9530dc9301d019a91ae9b78d48c20af53016017,test,dataset/retraining/EfficientNet-B0/rebuild_20260926/dataset/test/Ceriops_tagal/9dcebf59a6fc5897b95f90ddf9530dc9301d019a91ae9b78d48c20af53016017.jpg,image:9dcebf59a6fc5897b95f90ddf9530dc9301d019a91ae9b78d48c20af53016017
Rhizophora_apiculata/canopy/2317959398.jpg,20,Rhizophora_apiculata,a01d608a56f1c333d3fe502a399f217187c637bed21cde0bae179d46fb91839c,image:a01d608a56f1c333d3fe502a399f217187c637bed21cde0bae179d46fb91839c,test,dataset/retraining/EfficientNet-B0/rebuild_20260926/dataset/test/Rhizophora_apiculata/a01d608a56f1c333d3fe502a399f217187c637bed21cde0bae179d46fb91839c.jpg,image:a01d608a56f1c333d3fe502a399f217187c637bed21cde0bae179d46fb91839c
Rhizophora_mucronata/canopy/imgi_37_medium.jpg,21,Rhizophora_mucronata,a2f517906564b0e9a8529411f62add729a426c74a58c26e5abe8f6822d8c6f82,image:a2f517906564b0e9a8529411f62add729a426c74a58c26e5abe8f6822d8c6f82,train,dataset/retraining/EfficientNet-B0/rebuild_20260926/dataset/train/Rhizophora_mucronata/a2f517906564b0e9a8529411f62add729a426c74a58c26e5abe8f6822d8c6f82.jpg,image:a2f517906564b0e9a8529411f62add729a426c74a58c26e5abe8f6822d8c6f82
Rhizophora_stylosa/canopy/Rhizophora sstylosa - 2026-07-19T211112.236.jpeg,22,Rhizophora_stylosa,a3173566c6f94305563099ad4c81e93663c2c24b908f44a3f1d7e4d67b65032f,image:a3173566c6f94305563099ad4c81e93663c2c24b908f44a3f1d7e4d67b65032f,train,dataset/retraining/EfficientNet-B0/rebuild_20260926/dataset/train/Rhizophora_stylosa/a3173566c6f94305563099ad4c81e93663c2c24b908f44a3f1d7e4d67b65032f.jpg,image:a3173566c6f94305563099ad4c81e93663c2c24b908f44a3f1d7e4d67b65032f
Avicennia_marina/canopy/Avicennia_marina - 2026-07-16T144446.183.jpeg,4,Avicennia_marina,a3c5404df3276f4db9b10feecc37afabc30551aca7658673d6a42be451efe196,image:a3c5404df3276f4db9b10feecc37afabc30551aca7658673d6a42be451efe196,train,dataset/retraining/EfficientNet-B0/rebuild_20260926/dataset/train/Avicennia_marina/a3c5404df3276f4db9b10feecc37afabc30551aca7658673d6a42be451efe196.jpg,image:a3c5404df3276f4db9b10feecc37afabc30551aca7658673d6a42be451efe196
Rhizophora_mucronata/canopy/imgi_181_medium.jpg,21,Rhizophora_mucronata,a3fcee0f07b3e958a011ec28a33465e7f2d70c42770285a34a030ca3e2e79b2d,image:a3fcee0f07b3e958a011ec28a33465e7f2d70c42770285a34a030ca3e2e79b2d,train,dataset/retraining/EfficientNet-B0/rebuild_20260926/dataset/train/Rhizophora_mucronata/a3fcee0f07b3e958a011ec28a33465e7f2d70c42770285a34a030ca3e2e79b2d.jpg,image:a3fcee0f07b3e958a011ec28a33465e7f2d70c42770285a34a030ca3e2e79b2d
Rhizophora_mucronata/canopy/imgi_215_medium - Copy (2).jpg,21,Rhizophora_mucronata,a4e68d7a5f4e0382e0fba0381af31888a26b41be7c069d58be9c4a8605ec1f08,image:a4e68d7a5f4e0382e0fba0381af31888a26b41be7c069d58be9c4a8605ec1f08,train,dataset/retraining/EfficientNet-B0/rebuild_20260926/dataset/train/Rhizophora_mucronata/a4e68d7a5f4e0382e0fba0381af31888a26b41be7c069d58be9c4a8605ec1f08.jpg,image:a4e68d7a5f4e0382e0fba0381af31888a26b41be7c069d58be9c4a8605ec1f08
Bruguiera_gymnorrhiza/canopy/Bruguiera - 2026-07-16T153247.008.jpeg,8,Bruguiera_gymnorrhiza,a56b1758b4d553fa7bd0e4792e417bbc89a5f73108d4377e593055593df60f48,image:a56b1758b4d553fa7bd0e4792e417bbc89a5f73108d4377e593055593df60f48,test,dataset/retraining/EfficientNet-B0/rebuild_20260926/dataset/test/Bruguiera_gymnorrhiza/a56b1758b4d553fa7bd0e4792e417bbc89a5f73108d4377e593055593df60f48.jpg,image:a56b1758b4d553fa7bd0e4792e417bbc89a5f73108d4377e593055593df60f48
Rhizophora_mucronata/canopy/imgi_137_medium.jpg,21,Rhizophora_mucronata,a63d0893abefb2550fe922dc6c10548471cdc7244321275a97ad9bba6243f6a3,image:a63d0893abefb2550fe922dc6c10548471cdc7244321275a97ad9bba6243f6a3,val,dataset/retraining/EfficientNet-B0/rebuild_20260926/dataset/val/Rhizophora_mucronata/a63d0893abefb2550fe922dc6c10548471cdc7244321275a97ad9bba6243f6a3.jpg,image:a63d0893abefb2550fe922dc6c10548471cdc7244321275a97ad9bba6243f6a3
Bruguiera_gymnorrhiza/canopy/Bruguiera (87).jpeg,8,Bruguiera_gymnorrhiza,a67d9d660eb9dd804bd09c20840ee26c8e2768f527851239f6b2c738bf413fa2,image:a67d9d660eb9dd804bd09c20840ee26c8e2768f527851239f6b2c738bf413fa2,train,dataset/retraining/EfficientNet-B0/rebuild_20260926/dataset/train/Bruguiera_gymnorrhiza/a67d9d660eb9dd804bd09c20840ee26c8e2768f527851239f6b2c738bf413fa2.jpg,image:a67d9d660eb9dd804bd09c20840ee26c8e2768f527851239f6b2c738bf413fa2
Avicennia_marina/canopy/Avicennia_marina - 2026-07-16T144417.420.jpeg,4,Avicennia_marina,a739867e0ad4a513b4e14bd367285a25feba5bf0a6564b85802b2f251b6264ef,image:a739867e0ad4a513b4e14bd367285a25feba5bf0a6564b85802b2f251b6264ef,val,dataset/retraining/EfficientNet-B0/rebuild_20260926/dataset/val/Avicennia_marina/a739867e0ad4a513b4e14bd367285a25feba5bf0a6564b85802b2f251b6264ef.jpg,image:a739867e0ad4a513b4e14bd367285a25feba5bf0a6564b85802b2f251b6264ef
Xylocarpus_granatum/canopy/Xylocarpus-granatum-tree-2.jpg,26,Xylocarpus_granatum,a77afb65244d83908f7d160c1ce50e4bb7409a599c8f5df627322ffe14aa0af7,image:a77afb65244d83908f7d160c1ce50e4bb7409a599c8f5df627322ffe14aa0af7,train,dataset/retraining/EfficientNet-B0/rebuild_20260926/dataset/train/Xylocarpus_granatum/a77afb65244d83908f7d160c1ce50e4bb7409a599c8f5df627322ffe14aa0af7.jpg,image:a77afb65244d83908f7d160c1ce50e4bb7409a599c8f5df627322ffe14aa0af7
Avicennia_marina/canopy/Avicennia_marina - 2026-07-16T144444.337.jpeg,4,Avicennia_marina,a9d1f7a2207a5799caee1456ef56716e42fa8a36521f466774a346a06e9c3686,image:a9d1f7a2207a5799caee1456ef56716e42fa8a36521f466774a346a06e9c3686,train,dataset/retraining/EfficientNet-B0/rebuild_20260926/dataset/train/Avicennia_marina/a9d1f7a2207a5799caee1456ef56716e42fa8a36521f466774a346a06e9c3686.jpg,image:a9d1f7a2207a5799caee1456ef56716e42fa8a36521f466774a346a06e9c3686
Avicennia_marina/canopy/IMG_20260718_072930.jpg,4,Avicennia_marina,aa188d196d2d5b96994bb5e2040d9bf275ade445b47c90a9f74f8943e271cb26,image:aa188d196d2d5b96994bb5e2040d9bf275ade445b47c90a9f74f8943e271cb26,train,dataset/retraining/EfficientNet-B0/rebuild_20260926/dataset/train/Avicennia_marina/aa188d196d2d5b96994bb5e2040d9bf275ade445b47c90a9f74f8943e271cb26.jpg,image:aa188d196d2d5b96994bb5e2040d9bf275ade445b47c90a9f74f8943e271cb26
Avicennia_marina/canopy/Avicennia_marina (9).jpeg,4,Avicennia_marina,ab852522e893b7714fd7bf0f11d2d14dea1a4e3a0427e56935ac2a4dc28ea8d6,image:ab852522e893b7714fd7bf0f11d2d14dea1a4e3a0427e56935ac2a4dc28ea8d6,train,dataset/retraining/EfficientNet-B0/rebuild_20260926/dataset/train/Avicennia_marina/ab852522e893b7714fd7bf0f11d2d14dea1a4e3a0427e56935ac2a4dc28ea8d6.jpg,image:ab852522e893b7714fd7bf0f11d2d14dea1a4e3a0427e56935ac2a4dc28ea8d6
Rhizophora_mucronata/canopy/imgi_302_medium.jpg,21,Rhizophora_mucronata,ae8f2d8043793ab94cfee7c56d0f21d166d725fa50ddc1ed60b4fd540dcbd40f,image:ae8f2d8043793ab94cfee7c56d0f21d166d725fa50ddc1ed60b4fd540dcbd40f,train,dataset/retraining/EfficientNet-B0/rebuild_20260926/dataset/train/Rhizophora_mucronata/ae8f2d8043793ab94cfee7c56d0f21d166d725fa50ddc1ed60b4fd540dcbd40f.jpg,image:ae8f2d8043793ab94cfee7c56d0f21d166d725fa50ddc1ed60b4fd540dcbd40f
Avicennia_marina/canopy/IMG20260718073151.jpg,4,Avicennia_marina,aea62ae0b91a976f4274f58d4f01f88f2a0593844dc53f552ca6b8275871eed8,image:aea62ae0b91a976f4274f58d4f01f88f2a0593844dc53f552ca6b8275871eed8,train,dataset/retraining/EfficientNet-B0/rebuild_20260926/dataset/train/Avicennia_marina/aea62ae0b91a976f4274f58d4f01f88f2a0593844dc53f552ca6b8275871eed8.jpg,image:aea62ae0b91a976f4274f58d4f01f88f2a0593844dc53f552ca6b8275871eed8
Avicennia_marina/canopy/IMG20260718073032.jpg,4,Avicennia_marina,af46004502e6614c68cc20295eedfb364933b3df40af35bdaaf9b5cd97c833cf,image:af46004502e6614c68cc20295eedfb364933b3df40af35bdaaf9b5cd97c833cf,train,dataset/retraining/EfficientNet-B0/rebuild_20260926/dataset/train/Avicennia_marina/af46004502e6614c68cc20295eedfb364933b3df40af35bdaaf9b5cd97c833cf.jpg,image:af46004502e6614c68cc20295eedfb364933b3df40af35bdaaf9b5cd97c833cf
Avicennia_marina/canopy/IMG20260718073158.jpg,4,Avicennia_marina,b1c82bdedc480f4b5160717f8350d6dd965bc01e8b1084ccc1368c3912967804,image:b1c82bdedc480f4b5160717f8350d6dd965bc01e8b1084ccc1368c3912967804,train,dataset/retraining/EfficientNet-B0/rebuild_20260926/dataset/train/Avicennia_marina/b1c82bdedc480f4b5160717f8350d6dd965bc01e8b1084ccc1368c3912967804.jpg,image:b1c82bdedc480f4b5160717f8350d6dd965bc01e8b1084ccc1368c3912967804
Avicennia_marina/canopy/Avicennia_marina - 2026-07-16T144435.166.jpeg,4,Avicennia_marina,b294eca504e610fd8e6e8fc63d750a8e66fcca4041a3097c2baf2aede3a950c7,image:b294eca504e610fd8e6e8fc63d750a8e66fcca4041a3097c2baf2aede3a950c7,train,dataset/retraining/EfficientNet-B0/rebuild_20260926/dataset/train/Avicennia_marina/b294eca504e610fd8e6e8fc63d750a8e66fcca4041a3097c2baf2aede3a950c7.jpg,image:b294eca504e610fd8e6e8fc63d750a8e66fcca4041a3097c2baf2aede3a950c7
Bruguiera_gymnorrhiza/canopy/Bruguiera - 2026-07-16T153242.453.jpeg,8,Bruguiera_gymnorrhiza,b2e16afb4a4e4507414557ee1a51672825b6b319bbb30a6556ff8b97743e8c63,image:b2e16afb4a4e4507414557ee1a51672825b6b319bbb30a6556ff8b97743e8c63,train,dataset/retraining/EfficientNet-B0/rebuild_20260926/dataset/train/Bruguiera_gymnorrhiza/b2e16afb4a4e4507414557ee1a51672825b6b319bbb30a6556ff8b97743e8c63.jpg,image:b2e16afb4a4e4507414557ee1a51672825b6b319bbb30a6556ff8b97743e8c63
Rhizophora_stylosa/canopy/Rhizophora sstylosa (100).jpeg,22,Rhizophora_stylosa,b35f0a72d62ec5dd356d3acf45cc06829a0ebb572e3ca4c8b2fece4c9d62ac47,image:b35f0a72d62ec5dd356d3acf45cc06829a0ebb572e3ca4c8b2fece4c9d62ac47,train,dataset/retraining/EfficientNet-B0/rebuild_20260926/dataset/train/Rhizophora_stylosa/b35f0a72d62ec5dd356d3acf45cc06829a0ebb572e3ca4c8b2fece4c9d62ac47.jpg,image:b35f0a72d62ec5dd356d3acf45cc06829a0ebb572e3ca4c8b2fece4c9d62ac47
Rhizophora_apiculata/canopy/IMG_20260718_081211_1.jpg,20,Rhizophora_apiculata,b3883ca08fd4fb8281dd828ccd7265259eecd3d92c4ed90dde2b4b50c954f926,image:b3883ca08fd4fb8281dd828ccd7265259eecd3d92c4ed90dde2b4b50c954f926,val,dataset/retraining/EfficientNet-B0/rebuild_20260926/dataset/val/Rhizophora_apiculata/b3883ca08fd4fb8281dd828ccd7265259eecd3d92c4ed90dde2b4b50c954f926.jpg,image:b3883ca08fd4fb8281dd828ccd7265259eecd3d92c4ed90dde2b4b50c954f926
Ceriops_tagal/canopy/Ceriops - 2026-07-16T160633.346.jpeg,11,Ceriops_tagal,b3edba635b80421af07d6edbfc3eb204df0d976c37877986f16475a4c52e1099,image:b3edba635b80421af07d6edbfc3eb204df0d976c37877986f16475a4c52e1099,train,dataset/retraining/EfficientNet-B0/rebuild_20260926/dataset/train/Ceriops_tagal/b3edba635b80421af07d6edbfc3eb204df0d976c37877986f16475a4c52e1099.jpg,image:b3edba635b80421af07d6edbfc3eb204df0d976c37877986f16475a4c52e1099
Bruguiera_gymnorrhiza/canopy/Bruguiera (59).jpeg,8,Bruguiera_gymnorrhiza,b45b56d1320af31e4f42725288ab0fb9386248e7fe1b9a288e642d236620b20e,image:b45b56d1320af31e4f42725288ab0fb9386248e7fe1b9a288e642d236620b20e,train,dataset/retraining/EfficientNet-B0/rebuild_20260926/dataset/train/Bruguiera_gymnorrhiza/b45b56d1320af31e4f42725288ab0fb9386248e7fe1b9a288e642d236620b20e.jpg,image:b45b56d1320af31e4f42725288ab0fb9386248e7fe1b9a288e642d236620b20e
Bruguiera_gymnorrhiza/canopy/Bruguiera - 2026-07-16T153231.362.jpeg,8,Bruguiera_gymnorrhiza,b4d724b50b6028cc4d9a6f1482b865b92f6ecdfbb2e8d275ef695ad34746174e,image:b4d724b50b6028cc4d9a6f1482b865b92f6ecdfbb2e8d275ef695ad34746174e,train,dataset/retraining/EfficientNet-B0/rebuild_20260926/dataset/train/Bruguiera_gymnorrhiza/b4d724b50b6028cc4d9a6f1482b865b92f6ecdfbb2e8d275ef695ad34746174e.jpg,image:b4d724b50b6028cc4d9a6f1482b865b92f6ecdfbb2e8d275ef695ad34746174e
Avicennia_marina/canopy/Avicennia_marina (53).jpeg,4,Avicennia_marina,b4ebf7db9b238611d3b2bb9d721b587b80cc2b8ccbbf63ff7ce26ab108236fb0,image:b4ebf7db9b238611d3b2bb9d721b587b80cc2b8ccbbf63ff7ce26ab108236fb0,train,dataset/retraining/EfficientNet-B0/rebuild_20260926/dataset/train/Avicennia_marina/b4ebf7db9b238611d3b2bb9d721b587b80cc2b8ccbbf63ff7ce26ab108236fb0.jpg,image:b4ebf7db9b238611d3b2bb9d721b587b80cc2b8ccbbf63ff7ce26ab108236fb0
Rhizophora_mucronata/canopy/imgi_155_medium.jpg,21,Rhizophora_mucronata,b90abe6d68130db1fe67952f726c09c895202128ed12c9944f0af8ea9367dc74,image:b90abe6d68130db1fe67952f726c09c895202128ed12c9944f0af8ea9367dc74,train,dataset/retraining/EfficientNet-B0/rebuild_20260926/dataset/train/Rhizophora_mucronata/b90abe6d68130db1fe67952f726c09c895202128ed12c9944f0af8ea9367dc74.jpg,image:b90abe6d68130db1fe67952f726c09c895202128ed12c9944f0af8ea9367dc74
Sonneratia_alba/canopy/sonneratia alba (13).jpeg,24,Sonneratia_alba,b99bdf64de8710f7d763d6cd1e53d1512683ec2e88f33fd012fc851a5eafef22,image:b99bdf64de8710f7d763d6cd1e53d1512683ec2e88f33fd012fc851a5eafef22,train,dataset/retraining/EfficientNet-B0/rebuild_20260926/dataset/train/Sonneratia_alba/b99bdf64de8710f7d763d6cd1e53d1512683ec2e88f33fd012fc851a5eafef22.jpg,image:b99bdf64de8710f7d763d6cd1e53d1512683ec2e88f33fd012fc851a5eafef22
Rhizophora_mucronata/canopy/imgi_115_medium.jpg,21,Rhizophora_mucronata,b9e86165a679e87a5857ee035ff0939f4ba007db92987f196b62ff7d092c9b96,image:b9e86165a679e87a5857ee035ff0939f4ba007db92987f196b62ff7d092c9b96,train,dataset/retraining/EfficientNet-B0/rebuild_20260926/dataset/train/Rhizophora_mucronata/b9e86165a679e87a5857ee035ff0939f4ba007db92987f196b62ff7d092c9b96.jpg,image:b9e86165a679e87a5857ee035ff0939f4ba007db92987f196b62ff7d092c9b96
Rhizophora_mucronata/canopy/imgi_78_medium.jpg,21,Rhizophora_mucronata,ba3adf598bbdd19e5ed6f1020437eb79c334da76e53648677bde97a367598565,image:ba3adf598bbdd19e5ed6f1020437eb79c334da76e53648677bde97a367598565,test,dataset/retraining/EfficientNet-B0/rebuild_20260926/dataset/test/Rhizophora_mucronata/ba3adf598bbdd19e5ed6f1020437eb79c334da76e53648677bde97a367598565.jpg,image:ba3adf598bbdd19e5ed6f1020437eb79c334da76e53648677bde97a367598565
Rhizophora_mucronata/canopy/imgi_165_medium - Copy.jpg,21,Rhizophora_mucronata,ba8dee309307e87e7f75e158216c3fed6496802f936502b1236352e96cf7b14c,image:ba8dee309307e87e7f75e158216c3fed6496802f936502b1236352e96cf7b14c,train,dataset/retraining/EfficientNet-B0/rebuild_20260926/dataset/train/Rhizophora_mucronata/ba8dee309307e87e7f75e158216c3fed6496802f936502b1236352e96cf7b14c.jpg,image:ba8dee309307e87e7f75e158216c3fed6496802f936502b1236352e96cf7b14c
Avicennia_marina/canopy/Avicennia_marina - 2026-07-16T144445.166.jpeg,4,Avicennia_marina,bae392889c0a428c46538f20381cc433c102144996703fc06fc0785f4e53e9aa,image:bae392889c0a428c46538f20381cc433c102144996703fc06fc0785f4e53e9aa,val,dataset/retraining/EfficientNet-B0/rebuild_20260926/dataset/val/Avicennia_marina/bae392889c0a428c46538f20381cc433c102144996703fc06fc0785f4e53e9aa.jpg,image:bae392889c0a428c46538f20381cc433c102144996703fc06fc0785f4e53e9aa
Ceriops_tagal/canopy/Ceriops - 2026-07-16T160624.490.jpeg,11,Ceriops_tagal,bcf967eaa6be4fbca6235c352780f9885748db522c58a85929b645babf57a498,image:bcf967eaa6be4fbca6235c352780f9885748db522c58a85929b645babf57a498,test,dataset/retraining/EfficientNet-B0/rebuild_20260926/dataset/test/Ceriops_tagal/bcf967eaa6be4fbca6235c352780f9885748db522c58a85929b645babf57a498.jpg,image:bcf967eaa6be4fbca6235c352780f9885748db522c58a85929b645babf57a498
Ceriops_tagal/canopy/Ceriops - 2026-07-16T160625.453.jpeg,11,Ceriops_tagal,bf3a27fa2991dc281373b9f2972f94c75d113f712851a6ab6cb26a1cb1e3423b,image:bf3a27fa2991dc281373b9f2972f94c75d113f712851a6ab6cb26a1cb1e3423b,train,dataset/retraining/EfficientNet-B0/rebuild_20260926/dataset/train/Ceriops_tagal/bf3a27fa2991dc281373b9f2972f94c75d113f712851a6ab6cb26a1cb1e3423b.jpg,image:bf3a27fa2991dc281373b9f2972f94c75d113f712851a6ab6cb26a1cb1e3423b
Ceriops_tagal/canopy/Ceriops - 2026-07-16T160616.093.jpeg,11,Ceriops_tagal,bf78ec2902c9f5244011132b776ad3f831d52303f4f9b06866a74ba622925b59,image:bf78ec2902c9f5244011132b776ad3f831d52303f4f9b06866a74ba622925b59,train,dataset/retraining/EfficientNet-B0/rebuild_20260926/dataset/train/Ceriops_tagal/bf78ec2902c9f5244011132b776ad3f831d52303f4f9b06866a74ba622925b59.jpg,image:bf78ec2902c9f5244011132b776ad3f831d52303f4f9b06866a74ba622925b59
Avicennia_marina/canopy/Avicennia_marina (15).jpeg,4,Avicennia_marina,bfd19fb2b64e4d9b3ce3e36bd60aa37a2e5983b47f644493fa43ad4805d742e6,image:bfd19fb2b64e4d9b3ce3e36bd60aa37a2e5983b47f644493fa43ad4805d742e6,test,dataset/retraining/EfficientNet-B0/rebuild_20260926/dataset/test/Avicennia_marina/bfd19fb2b64e4d9b3ce3e36bd60aa37a2e5983b47f644493fa43ad4805d742e6.jpg,image:bfd19fb2b64e4d9b3ce3e36bd60aa37a2e5983b47f644493fa43ad4805d742e6
Ceriops_tagal/canopy/Ceriops - 2026-07-16T160612.538.jpeg,11,Ceriops_tagal,c01de3fc75b2ed1a2c8093aa433128b459c4f1e8a3d97fdd77448252ad9e2e55,image:c01de3fc75b2ed1a2c8093aa433128b459c4f1e8a3d97fdd77448252ad9e2e55,train,dataset/retraining/EfficientNet-B0/rebuild_20260926/dataset/train/Ceriops_tagal/c01de3fc75b2ed1a2c8093aa433128b459c4f1e8a3d97fdd77448252ad9e2e55.jpg,image:c01de3fc75b2ed1a2c8093aa433128b459c4f1e8a3d97fdd77448252ad9e2e55
Bruguiera_gymnorrhiza/canopy/Bruguiera - 2026-07-16T153241.150.jpeg,8,Bruguiera_gymnorrhiza,c0401fa72f790398af1192512df6390ee7c4e15c500e6575eb0684d2050190fa,image:c0401fa72f790398af1192512df6390ee7c4e15c500e6575eb0684d2050190fa,train,dataset/retraining/EfficientNet-B0/rebuild_20260926/dataset/train/Bruguiera_gymnorrhiza/c0401fa72f790398af1192512df6390ee7c4e15c500e6575eb0684d2050190fa.jpg,image:c0401fa72f790398af1192512df6390ee7c4e15c500e6575eb0684d2050190fa
Rhizophora_apiculata/canopy/large (2).jpeg,20,Rhizophora_apiculata,c05800e2dd7f9f66a14a32ef29f376c4eecc30152faab57b7e5fd5e0cc88f774,image:c05800e2dd7f9f66a14a32ef29f376c4eecc30152faab57b7e5fd5e0cc88f774,train,dataset/retraining/EfficientNet-B0/rebuild_20260926/dataset/train/Rhizophora_apiculata/c05800e2dd7f9f66a14a32ef29f376c4eecc30152faab57b7e5fd5e0cc88f774.jpg,image:c05800e2dd7f9f66a14a32ef29f376c4eecc30152faab57b7e5fd5e0cc88f774
Xylocarpus_granatum/canopy/36021214062_a89a40b29e_b.jpg,26,Xylocarpus_granatum,c08c7520a76961360c66207d1478873afbdd82055dcbfc55ea2b41a31fc3ebfb,image:c08c7520a76961360c66207d1478873afbdd82055dcbfc55ea2b41a31fc3ebfb,train,dataset/retraining/EfficientNet-B0/rebuild_20260926/dataset/train/Xylocarpus_granatum/c08c7520a76961360c66207d1478873afbdd82055dcbfc55ea2b41a31fc3ebfb.jpg,image:c08c7520a76961360c66207d1478873afbdd82055dcbfc55ea2b41a31fc3ebfb
Bruguiera_gymnorrhiza/canopy/Bruguiera - 2026-07-16T153232.419.jpeg,8,Bruguiera_gymnorrhiza,c1ecbb131aef2889496fa2f5042eb350825cdbdbe52dea66d50bfa7558e730f1,image:c1ecbb131aef2889496fa2f5042eb350825cdbdbe52dea66d50bfa7558e730f1,train,dataset/retraining/EfficientNet-B0/rebuild_20260926/dataset/train/Bruguiera_gymnorrhiza/c1ecbb131aef2889496fa2f5042eb350825cdbdbe52dea66d50bfa7558e730f1.jpg,image:c1ecbb131aef2889496fa2f5042eb350825cdbdbe52dea66d50bfa7558e730f1
Rhizophora_mucronata/canopy/imgi_163_medium - Copy.jpg,21,Rhizophora_mucronata,c248f7b25a175f0d8473171bc6f74649c09a2023db090a49c0f54ba178b3aece,image:c248f7b25a175f0d8473171bc6f74649c09a2023db090a49c0f54ba178b3aece,train,dataset/retraining/EfficientNet-B0/rebuild_20260926/dataset/train/Rhizophora_mucronata/c248f7b25a175f0d8473171bc6f74649c09a2023db090a49c0f54ba178b3aece.jpg,image:c248f7b25a175f0d8473171bc6f74649c09a2023db090a49c0f54ba178b3aece
Bruguiera_gymnorrhiza/canopy/Bruguiera - 2026-07-16T153230.563.jpeg,8,Bruguiera_gymnorrhiza,c287211fb8b94999019a5e0b2f3bc268b2b0e7fcf5690ad8f4b5b0fdd036566e,image:c287211fb8b94999019a5e0b2f3bc268b2b0e7fcf5690ad8f4b5b0fdd036566e,train,dataset/retraining/EfficientNet-B0/rebuild_20260926/dataset/train/Bruguiera_gymnorrhiza/c287211fb8b94999019a5e0b2f3bc268b2b0e7fcf5690ad8f4b5b0fdd036566e.jpg,image:c287211fb8b94999019a5e0b2f3bc268b2b0e7fcf5690ad8f4b5b0fdd036566e
Bruguiera_gymnorrhiza/canopy/Bruguiera - 2026-07-16T153234.570.jpeg,8,Bruguiera_gymnorrhiza,c45c33069b3a2cb0a2040da6b1de9698f3a87f62d011fbfc595c6d4bde74fc69,image:c45c33069b3a2cb0a2040da6b1de9698f3a87f62d011fbfc595c6d4bde74fc69,test,dataset/retraining/EfficientNet-B0/rebuild_20260926/dataset/test/Bruguiera_gymnorrhiza/c45c33069b3a2cb0a2040da6b1de9698f3a87f62d011fbfc595c6d4bde74fc69.jpg,image:c45c33069b3a2cb0a2040da6b1de9698f3a87f62d011fbfc595c6d4bde74fc69
Bruguiera_gymnorrhiza/canopy/Bruguiera - 2026-07-16T153231.812.jpeg,8,Bruguiera_gymnorrhiza,c5298abe1ba76bf9c75a70f572a4ec6da25b68c71be1ed3f423727db4c9e0145,image:c5298abe1ba76bf9c75a70f572a4ec6da25b68c71be1ed3f423727db4c9e0145,train,dataset/retraining/EfficientNet-B0/rebuild_20260926/dataset/train/Bruguiera_gymnorrhiza/c5298abe1ba76bf9c75a70f572a4ec6da25b68c71be1ed3f423727db4c9e0145.jpg,image:c5298abe1ba76bf9c75a70f572a4ec6da25b68c71be1ed3f423727db4c9e0145
Ceriops_tagal/canopy/Ceriops - 2026-07-16T160615.704.jpeg,11,Ceriops_tagal,c56331ce84a04fa4b24f45e95bf762dc331b16bde2d2621fe22638b19b79175b,image:c56331ce84a04fa4b24f45e95bf762dc331b16bde2d2621fe22638b19b79175b,train,dataset/retraining/EfficientNet-B0/rebuild_20260926/dataset/train/Ceriops_tagal/c56331ce84a04fa4b24f45e95bf762dc331b16bde2d2621fe22638b19b79175b.jpg,image:c56331ce84a04fa4b24f45e95bf762dc331b16bde2d2621fe22638b19b79175b
Bruguiera_gymnorrhiza/canopy/Bruguiera - 2026-07-16T153231.703.jpeg,8,Bruguiera_gymnorrhiza,c56d3c038662daa1c89737f7be76a1f78cc61e74b3431c56b1a9247527597aa6,image:c56d3c038662daa1c89737f7be76a1f78cc61e74b3431c56b1a9247527597aa6,train,dataset/retraining/EfficientNet-B0/rebuild_20260926/dataset/train/Bruguiera_gymnorrhiza/c56d3c038662daa1c89737f7be76a1f78cc61e74b3431c56b1a9247527597aa6.jpg,image:c56d3c038662daa1c89737f7be76a1f78cc61e74b3431c56b1a9247527597aa6
Bruguiera_gymnorrhiza/canopy/Bruguiera - 2026-07-16T153244.961.jpeg,8,Bruguiera_gymnorrhiza,c5a429ccd3a3add6fb4636c8441fce6a21358ab0b55076a6dfe6961191c89f41,image:c5a429ccd3a3add6fb4636c8441fce6a21358ab0b55076a6dfe6961191c89f41,test,dataset/retraining/EfficientNet-B0/rebuild_20260926/dataset/test/Bruguiera_gymnorrhiza/c5a429ccd3a3add6fb4636c8441fce6a21358ab0b55076a6dfe6961191c89f41.jpg,image:c5a429ccd3a3add6fb4636c8441fce6a21358ab0b55076a6dfe6961191c89f41
Rhizophora_mucronata/canopy/imgi_128_medium.jpg,21,Rhizophora_mucronata,c63ff1697809ba21aae1620e1a4fb3c056e7631152f29e5521b4a50bb889ab21,image:c63ff1697809ba21aae1620e1a4fb3c056e7631152f29e5521b4a50bb889ab21,train,dataset/retraining/EfficientNet-B0/rebuild_20260926/dataset/train/Rhizophora_mucronata/c63ff1697809ba21aae1620e1a4fb3c056e7631152f29e5521b4a50bb889ab21.jpg,image:c63ff1697809ba21aae1620e1a4fb3c056e7631152f29e5521b4a50bb889ab21
Sonneratia_alba/canopy/sonneratia alba - 2026-07-20T131551.810.jpeg,24,Sonneratia_alba,c6595c46fe27a779b626eb145a56a7612c3bb79e9001512fcee5ea9755818354,image:c6595c46fe27a779b626eb145a56a7612c3bb79e9001512fcee5ea9755818354,train,dataset/retraining/EfficientNet-B0/rebuild_20260926/dataset/train/Sonneratia_alba/c6595c46fe27a779b626eb145a56a7612c3bb79e9001512fcee5ea9755818354.jpg,image:c6595c46fe27a779b626eb145a56a7612c3bb79e9001512fcee5ea9755818354
Avicennia_marina/canopy/Avicennia_marina - 2026-07-16T144416.520.jpeg,4,Avicennia_marina,c694a3edab64fb74268b18a995b4de8a7b883684d929b9edcc882d34753236bf,image:c694a3edab64fb74268b18a995b4de8a7b883684d929b9edcc882d34753236bf,val,dataset/retraining/EfficientNet-B0/rebuild_20260926/dataset/val/Avicennia_marina/c694a3edab64fb74268b18a995b4de8a7b883684d929b9edcc882d34753236bf.jpg,image:c694a3edab64fb74268b18a995b4de8a7b883684d929b9edcc882d34753236bf
Rhizophora_apiculata/canopy/large (1).jpeg,20,Rhizophora_apiculata,c6f2b4e98dade1119f930908917275641d00f03d540ff7f4b020a38488d02c57,image:c6f2b4e98dade1119f930908917275641d00f03d540ff7f4b020a38488d02c57,val,dataset/retraining/EfficientNet-B0/rebuild_20260926/dataset/val/Rhizophora_apiculata/c6f2b4e98dade1119f930908917275641d00f03d540ff7f4b020a38488d02c57.jpg,image:c6f2b4e98dade1119f930908917275641d00f03d540ff7f4b020a38488d02c57
Rhizophora_stylosa/canopy/Rhizophora sstylosa (12).jpeg,22,Rhizophora_stylosa,c93a0d21bcc0b65bf76945cb63339ab6730b355723023d212e35ff5fed015ab8,image:c93a0d21bcc0b65bf76945cb63339ab6730b355723023d212e35ff5fed015ab8,train,dataset/retraining/EfficientNet-B0/rebuild_20260926/dataset/train/Rhizophora_stylosa/c93a0d21bcc0b65bf76945cb63339ab6730b355723023d212e35ff5fed015ab8.jpg,image:c93a0d21bcc0b65bf76945cb63339ab6730b355723023d212e35ff5fed015ab8
Rhizophora_mucronata/canopy/imgi_67_medium.jpg,21,Rhizophora_mucronata,ca280570ff893b973e8d6484fe8cf90fc6c2334957faf73145866a4ff3609715,image:ca280570ff893b973e8d6484fe8cf90fc6c2334957faf73145866a4ff3609715,train,dataset/retraining/EfficientNet-B0/rebuild_20260926/dataset/train/Rhizophora_mucronata/ca280570ff893b973e8d6484fe8cf90fc6c2334957faf73145866a4ff3609715.jpg,image:ca280570ff893b973e8d6484fe8cf90fc6c2334957faf73145866a4ff3609715
Rhizophora_stylosa/canopy/Rhizophora sstylosa (3).jpeg,22,Rhizophora_stylosa,ca9abd21e549faafda92b686338c4240cc8d5a6147eec973fb2fff8960edf193,image:ca9abd21e549faafda92b686338c4240cc8d5a6147eec973fb2fff8960edf193,val,dataset/retraining/EfficientNet-B0/rebuild_20260926/dataset/val/Rhizophora_stylosa/ca9abd21e549faafda92b686338c4240cc8d5a6147eec973fb2fff8960edf193.jpg,image:ca9abd21e549faafda92b686338c4240cc8d5a6147eec973fb2fff8960edf193
Ceriops_tagal/canopy/Ceriops - 2026-07-16T160636.776.jpeg,11,Ceriops_tagal,cab71dda5cf5ff4ac4643cc001572ccb4857b53cc3bd01074a1e836ff1155700,image:cab71dda5cf5ff4ac4643cc001572ccb4857b53cc3bd01074a1e836ff1155700,train,dataset/retraining/EfficientNet-B0/rebuild_20260926/dataset/train/Ceriops_tagal/cab71dda5cf5ff4ac4643cc001572ccb4857b53cc3bd01074a1e836ff1155700.jpg,image:cab71dda5cf5ff4ac4643cc001572ccb4857b53cc3bd01074a1e836ff1155700
Rhizophora_mucronata/canopy/imgi_293_large - Copy (2) - Copy.jpg,21,Rhizophora_mucronata,cb7463fe3d97779ff883dc65d5faea502e6146f016cf032dbb773c0b595371ac,image:cb7463fe3d97779ff883dc65d5faea502e6146f016cf032dbb773c0b595371ac,train,dataset/retraining/EfficientNet-B0/rebuild_20260926/dataset/train/Rhizophora_mucronata/cb7463fe3d97779ff883dc65d5faea502e6146f016cf032dbb773c0b595371ac.jpg,image:cb7463fe3d97779ff883dc65d5faea502e6146f016cf032dbb773c0b595371ac
Avicennia_marina/canopy/Avicennia_marina - 2026-07-16T144424.850.jpeg,4,Avicennia_marina,cb8f0baa6ff4114c6ffea7973b42127795ce2c34cdbfe0ab517657d5126b91f5,image:cb8f0baa6ff4114c6ffea7973b42127795ce2c34cdbfe0ab517657d5126b91f5,test,dataset/retraining/EfficientNet-B0/rebuild_20260926/dataset/test/Avicennia_marina/cb8f0baa6ff4114c6ffea7973b42127795ce2c34cdbfe0ab517657d5126b91f5.jpg,image:cb8f0baa6ff4114c6ffea7973b42127795ce2c34cdbfe0ab517657d5126b91f5
Rhizophora_mucronata/canopy/imgi_121_medium.jpg,21,Rhizophora_mucronata,cba91171d308230eedc3067cbe4dfeefb1879eb62337e274a986347afacd2b48,image:cba91171d308230eedc3067cbe4dfeefb1879eb62337e274a986347afacd2b48,val,dataset/retraining/EfficientNet-B0/rebuild_20260926/dataset/val/Rhizophora_mucronata/cba91171d308230eedc3067cbe4dfeefb1879eb62337e274a986347afacd2b48.jpg,image:cba91171d308230eedc3067cbe4dfeefb1879eb62337e274a986347afacd2b48
Ceriops_tagal/canopy/Ceriops - 2026-07-16T160639.176.jpeg,11,Ceriops_tagal,cbc7a41e657461f6e691496549273f7c1d7f0e682fe345aacc1002e1fff5d487,image:cbc7a41e657461f6e691496549273f7c1d7f0e682fe345aacc1002e1fff5d487,train,dataset/retraining/EfficientNet-B0/rebuild_20260926/dataset/train/Ceriops_tagal/cbc7a41e657461f6e691496549273f7c1d7f0e682fe345aacc1002e1fff5d487.jpg,image:cbc7a41e657461f6e691496549273f7c1d7f0e682fe345aacc1002e1fff5d487
Rhizophora_mucronata/canopy/imgi_96_medium.jpg,21,Rhizophora_mucronata,cd32324e3e44ae10af442fec14cebc45c12f7f0fd35606316d56d0188c0db77e,image:cd32324e3e44ae10af442fec14cebc45c12f7f0fd35606316d56d0188c0db77e,train,dataset/retraining/EfficientNet-B0/rebuild_20260926/dataset/train/Rhizophora_mucronata/cd32324e3e44ae10af442fec14cebc45c12f7f0fd35606316d56d0188c0db77e.jpg,image:cd32324e3e44ae10af442fec14cebc45c12f7f0fd35606316d56d0188c0db77e
Rhizophora_stylosa/canopy/Rhizophora sstylosa (28).jpeg,22,Rhizophora_stylosa,cfc3d91c00aa52ddf49e06d5877e60ec851563140bfdcb66829e6f80ba3269a9,image:cfc3d91c00aa52ddf49e06d5877e60ec851563140bfdcb66829e6f80ba3269a9,test,dataset/retraining/EfficientNet-B0/rebuild_20260926/dataset/test/Rhizophora_stylosa/cfc3d91c00aa52ddf49e06d5877e60ec851563140bfdcb66829e6f80ba3269a9.jpg,image:cfc3d91c00aa52ddf49e06d5877e60ec851563140bfdcb66829e6f80ba3269a9
Avicennia_marina/canopy/Avicennia_marina - 2026-07-16T144429.467.jpeg,4,Avicennia_marina,d0343f58b03b5cbdb60c0bf06f3508cccf98ed0ea46bd90bd70a12c8c924467d,image:d0343f58b03b5cbdb60c0bf06f3508cccf98ed0ea46bd90bd70a12c8c924467d,train,dataset/retraining/EfficientNet-B0/rebuild_20260926/dataset/train/Avicennia_marina/d0343f58b03b5cbdb60c0bf06f3508cccf98ed0ea46bd90bd70a12c8c924467d.jpg,image:d0343f58b03b5cbdb60c0bf06f3508cccf98ed0ea46bd90bd70a12c8c924467d
Rhizophora_mucronata/canopy/imgi_93_medium.jpg,21,Rhizophora_mucronata,d1445a4a4ce9d8dcf0b2a9aa8eb367c5bdbc067444c9888f78ba93bfc1afd9de,image:d1445a4a4ce9d8dcf0b2a9aa8eb367c5bdbc067444c9888f78ba93bfc1afd9de,test,dataset/retraining/EfficientNet-B0/rebuild_20260926/dataset/test/Rhizophora_mucronata/d1445a4a4ce9d8dcf0b2a9aa8eb367c5bdbc067444c9888f78ba93bfc1afd9de.jpg,image:d1445a4a4ce9d8dcf0b2a9aa8eb367c5bdbc067444c9888f78ba93bfc1afd9de
Rhizophora_apiculata/canopy/IMG_20260718_081215.jpg,20,Rhizophora_apiculata,d1bf44ac78cd118a999caf4b1e93797a9a17f5fe8091bb0bb988b396d8d81653,image:d1bf44ac78cd118a999caf4b1e93797a9a17f5fe8091bb0bb988b396d8d81653,test,dataset/retraining/EfficientNet-B0/rebuild_20260926/dataset/test/Rhizophora_apiculata/d1bf44ac78cd118a999caf4b1e93797a9a17f5fe8091bb0bb988b396d8d81653.jpg,image:d1bf44ac78cd118a999caf4b1e93797a9a17f5fe8091bb0bb988b396d8d81653
Ceriops_tagal/canopy/Ceriops - 2026-07-16T160616.977.jpeg,11,Ceriops_tagal,d2096208295b3e260dbf1c9849f1234c3aa99eb9fd01ba8f863c06c965393560,image:d2096208295b3e260dbf1c9849f1234c3aa99eb9fd01ba8f863c06c965393560,train,dataset/retraining/EfficientNet-B0/rebuild_20260926/dataset/train/Ceriops_tagal/d2096208295b3e260dbf1c9849f1234c3aa99eb9fd01ba8f863c06c965393560.jpg,image:d2096208295b3e260dbf1c9849f1234c3aa99eb9fd01ba8f863c06c965393560
Bruguiera_gymnorrhiza/canopy/Bruguiera (100).jpeg,8,Bruguiera_gymnorrhiza,d48e67977f403c48a932caa7003fcbda3cacff35d8f58d956cbe6be3a7f708ed,image:d48e67977f403c48a932caa7003fcbda3cacff35d8f58d956cbe6be3a7f708ed,train,dataset/retraining/EfficientNet-B0/rebuild_20260926/dataset/train/Bruguiera_gymnorrhiza/d48e67977f403c48a932caa7003fcbda3cacff35d8f58d956cbe6be3a7f708ed.jpg,image:d48e67977f403c48a932caa7003fcbda3cacff35d8f58d956cbe6be3a7f708ed
Rhizophora_mucronata/canopy/imgi_66_medium - Copy - Copy.jpg,21,Rhizophora_mucronata,d4c0a09ff350e5d615ad10929aecc6cce635ee88df80850a37328a0f5ab75a93,image:d4c0a09ff350e5d615ad10929aecc6cce635ee88df80850a37328a0f5ab75a93,train,dataset/retraining/EfficientNet-B0/rebuild_20260926/dataset/train/Rhizophora_mucronata/d4c0a09ff350e5d615ad10929aecc6cce635ee88df80850a37328a0f5ab75a93.jpg,image:d4c0a09ff350e5d615ad10929aecc6cce635ee88df80850a37328a0f5ab75a93
Ceriops_tagal/canopy/Ceriops (47).jpeg,11,Ceriops_tagal,d554b3e867f3f3733d718bb0a22484eaad45d9d621375773c82583a5e64817bc,image:d554b3e867f3f3733d718bb0a22484eaad45d9d621375773c82583a5e64817bc,train,dataset/retraining/EfficientNet-B0/rebuild_20260926/dataset/train/Ceriops_tagal/d554b3e867f3f3733d718bb0a22484eaad45d9d621375773c82583a5e64817bc.jpg,image:d554b3e867f3f3733d718bb0a22484eaad45d9d621375773c82583a5e64817bc
Avicennia_marina/canopy/Avicennia_marina_canopy_33_20260905_043314.jpg,4,Avicennia_marina,d58642b481a9807705938beccd2fefd716aaf983a8d31910531c9d9445986c1d,image:d58642b481a9807705938beccd2fefd716aaf983a8d31910531c9d9445986c1d,train,dataset/retraining/EfficientNet-B0/rebuild_20260926/dataset/train/Avicennia_marina/d58642b481a9807705938beccd2fefd716aaf983a8d31910531c9d9445986c1d.jpg,image:d58642b481a9807705938beccd2fefd716aaf983a8d31910531c9d9445986c1d
Bruguiera_gymnorrhiza/canopy/Bruguiera - 2026-07-16T153226.769.jpeg,8,Bruguiera_gymnorrhiza,d60053bd16c169627342a979d1bd58ed3d5c36277c3e1772f6fccb7c63840ec4,image:d60053bd16c169627342a979d1bd58ed3d5c36277c3e1772f6fccb7c63840ec4,train,dataset/retraining/EfficientNet-B0/rebuild_20260926/dataset/train/Bruguiera_gymnorrhiza/d60053bd16c169627342a979d1bd58ed3d5c36277c3e1772f6fccb7c63840ec4.jpg,image:d60053bd16c169627342a979d1bd58ed3d5c36277c3e1772f6fccb7c63840ec4
Sonneratia_alba/canopy/sonneratia alba (33).jpeg,24,Sonneratia_alba,d659d3d2e90beb901830f7b22e19f3f4adc17223e4aa8ef0af4b4fc3bac84f49,image:d659d3d2e90beb901830f7b22e19f3f4adc17223e4aa8ef0af4b4fc3bac84f49,train,dataset/retraining/EfficientNet-B0/rebuild_20260926/dataset/train/Sonneratia_alba/d659d3d2e90beb901830f7b22e19f3f4adc17223e4aa8ef0af4b4fc3bac84f49.jpg,image:d659d3d2e90beb901830f7b22e19f3f4adc17223e4aa8ef0af4b4fc3bac84f49
Rhizophora_apiculata/canopy/large (7).jpg,20,Rhizophora_apiculata,d70f9ab93b580171780c6e5d7978fb7e0992790e650794260a54dcec7a119d41,image:d70f9ab93b580171780c6e5d7978fb7e0992790e650794260a54dcec7a119d41,train,dataset/retraining/EfficientNet-B0/rebuild_20260926/dataset/train/Rhizophora_apiculata/d70f9ab93b580171780c6e5d7978fb7e0992790e650794260a54dcec7a119d41.jpg,image:d70f9ab93b580171780c6e5d7978fb7e0992790e650794260a54dcec7a119d41
Avicennia_marina/canopy/Avicennia_marina (46).jpeg,4,Avicennia_marina,d73a5e41a04d2c1cce07dbd9699225621008e52b885d66a633092fe535dbf47a,image:d73a5e41a04d2c1cce07dbd9699225621008e52b885d66a633092fe535dbf47a,val,dataset/retraining/EfficientNet-B0/rebuild_20260926/dataset/val/Avicennia_marina/d73a5e41a04d2c1cce07dbd9699225621008e52b885d66a633092fe535dbf47a.jpg,image:d73a5e41a04d2c1cce07dbd9699225621008e52b885d66a633092fe535dbf47a
Rhizophora_mucronata/canopy/imgi_218_medium - Copy.jpg,21,Rhizophora_mucronata,d965af4acb4d853e52aa1a3cdb9de44586e879e24d9e113ffc090a6c4fa901dd,image:d965af4acb4d853e52aa1a3cdb9de44586e879e24d9e113ffc090a6c4fa901dd,val,dataset/retraining/EfficientNet-B0/rebuild_20260926/dataset/val/Rhizophora_mucronata/d965af4acb4d853e52aa1a3cdb9de44586e879e24d9e113ffc090a6c4fa901dd.jpg,image:d965af4acb4d853e52aa1a3cdb9de44586e879e24d9e113ffc090a6c4fa901dd
Sonneratia_alba/canopy/sonneratia alba (29).jpeg,24,Sonneratia_alba,d98d2ad465fd592f24899c6928c011e01b089a1f646a6f186b70791572a4078a,image:d98d2ad465fd592f24899c6928c011e01b089a1f646a6f186b70791572a4078a,test,dataset/retraining/EfficientNet-B0/rebuild_20260926/dataset/test/Sonneratia_alba/d98d2ad465fd592f24899c6928c011e01b089a1f646a6f186b70791572a4078a.jpg,image:d98d2ad465fd592f24899c6928c011e01b089a1f646a6f186b70791572a4078a
Rhizophora_apiculata/canopy/large.jpeg,20,Rhizophora_apiculata,da0462e3a9bb3614c46884cf5e9e839ebe6970f3f2e422817ce32e457bd39ae3,image:da0462e3a9bb3614c46884cf5e9e839ebe6970f3f2e422817ce32e457bd39ae3,train,dataset/retraining/EfficientNet-B0/rebuild_20260926/dataset/train/Rhizophora_apiculata/da0462e3a9bb3614c46884cf5e9e839ebe6970f3f2e422817ce32e457bd39ae3.jpg,image:da0462e3a9bb3614c46884cf5e9e839ebe6970f3f2e422817ce32e457bd39ae3
Rhizophora_mucronata/canopy/imgi_25_medium.jpg,21,Rhizophora_mucronata,dadbd402d40add5e6be4fc6f29189f752d724a51eaea2a473c0ff3ee62d9c761,image:dadbd402d40add5e6be4fc6f29189f752d724a51eaea2a473c0ff3ee62d9c761,train,dataset/retraining/EfficientNet-B0/rebuild_20260926/dataset/train/Rhizophora_mucronata/dadbd402d40add5e6be4fc6f29189f752d724a51eaea2a473c0ff3ee62d9c761.jpg,image:dadbd402d40add5e6be4fc6f29189f752d724a51eaea2a473c0ff3ee62d9c761
Rhizophora_apiculata/canopy/images.jpg,20,Rhizophora_apiculata,daefca1f29b315050432f89701e1de47f31b3a588610972714086493f976c37c,image:daefca1f29b315050432f89701e1de47f31b3a588610972714086493f976c37c,train,dataset/retraining/EfficientNet-B0/rebuild_20260926/dataset/train/Rhizophora_apiculata/daefca1f29b315050432f89701e1de47f31b3a588610972714086493f976c37c.jpg,image:daefca1f29b315050432f89701e1de47f31b3a588610972714086493f976c37c
Rhizophora_mucronata/canopy/imgi_209_medium.jpg,21,Rhizophora_mucronata,dc977d9cfb1ae97385bd32e503dae9e02e69cb22d0a16d8473351e8a18d5bb1b,image:dc977d9cfb1ae97385bd32e503dae9e02e69cb22d0a16d8473351e8a18d5bb1b,train,dataset/retraining/EfficientNet-B0/rebuild_20260926/dataset/train/Rhizophora_mucronata/dc977d9cfb1ae97385bd32e503dae9e02e69cb22d0a16d8473351e8a18d5bb1b.jpg,image:dc977d9cfb1ae97385bd32e503dae9e02e69cb22d0a16d8473351e8a18d5bb1b
Avicennia_marina/canopy/Avicennia_marina (92).jpeg,4,Avicennia_marina,dd3ce3c86860c2eedfb7c6e1aaedf7c6dd0014f523bd83dd7f4689330c97608e,image:dd3ce3c86860c2eedfb7c6e1aaedf7c6dd0014f523bd83dd7f4689330c97608e,train,dataset/retraining/EfficientNet-B0/rebuild_20260926/dataset/train/Avicennia_marina/dd3ce3c86860c2eedfb7c6e1aaedf7c6dd0014f523bd83dd7f4689330c97608e.jpg,image:dd3ce3c86860c2eedfb7c6e1aaedf7c6dd0014f523bd83dd7f4689330c97608e
Ceriops_tagal/canopy/Ceriops - 2026-07-16T160615.367.jpeg,11,Ceriops_tagal,dd6b060ab376da8224fcf5871e2ac6874f35dc3283e509dd833bd19f59b9d611,image:dd6b060ab376da8224fcf5871e2ac6874f35dc3283e509dd833bd19f59b9d611,train,dataset/retraining/EfficientNet-B0/rebuild_20260926/dataset/train/Ceriops_tagal/dd6b060ab376da8224fcf5871e2ac6874f35dc3283e509dd833bd19f59b9d611.jpg,image:dd6b060ab376da8224fcf5871e2ac6874f35dc3283e509dd833bd19f59b9d611
Avicennia_marina/canopy/Avicennia_marina (61).jpeg,4,Avicennia_marina,de15e989d252ba5e5c40e5dad5f826a7c2c64762e4b6bdcf8894879afb2c69f0,image:de15e989d252ba5e5c40e5dad5f826a7c2c64762e4b6bdcf8894879afb2c69f0,train,dataset/retraining/EfficientNet-B0/rebuild_20260926/dataset/train/Avicennia_marina/de15e989d252ba5e5c40e5dad5f826a7c2c64762e4b6bdcf8894879afb2c69f0.jpg,image:de15e989d252ba5e5c40e5dad5f826a7c2c64762e4b6bdcf8894879afb2c69f0
Rhizophora_stylosa/canopy/Rhizophora sstylosa (54).jpeg,22,Rhizophora_stylosa,de825e2cf975a61c4c134c50477abdde170373f293ea6c6f46d726e5f1e03e0c,image:de825e2cf975a61c4c134c50477abdde170373f293ea6c6f46d726e5f1e03e0c,train,dataset/retraining/EfficientNet-B0/rebuild_20260926/dataset/train/Rhizophora_stylosa/de825e2cf975a61c4c134c50477abdde170373f293ea6c6f46d726e5f1e03e0c.jpg,image:de825e2cf975a61c4c134c50477abdde170373f293ea6c6f46d726e5f1e03e0c
Rhizophora_apiculata/canopy/large (4).jpg,20,Rhizophora_apiculata,df004424e61e8dfe6aefcfd337aa86a3a0d1c5db82484d1f687130348ca2fc89,image:df004424e61e8dfe6aefcfd337aa86a3a0d1c5db82484d1f687130348ca2fc89,test,dataset/retraining/EfficientNet-B0/rebuild_20260926/dataset/test/Rhizophora_apiculata/df004424e61e8dfe6aefcfd337aa86a3a0d1c5db82484d1f687130348ca2fc89.jpg,image:df004424e61e8dfe6aefcfd337aa86a3a0d1c5db82484d1f687130348ca2fc89
Rhizophora_stylosa/canopy/Rhizophora sstylosa (14).jpeg,22,Rhizophora_stylosa,df03a87966828546de19f97f55ff5eff8669ca2b5d490f6aecc70879660cc9e5,image:df03a87966828546de19f97f55ff5eff8669ca2b5d490f6aecc70879660cc9e5,test,dataset/retraining/EfficientNet-B0/rebuild_20260926/dataset/test/Rhizophora_stylosa/df03a87966828546de19f97f55ff5eff8669ca2b5d490f6aecc70879660cc9e5.jpg,image:df03a87966828546de19f97f55ff5eff8669ca2b5d490f6aecc70879660cc9e5
Xylocarpus_granatum/canopy/imgi_36_medium.jpg,26,Xylocarpus_granatum,df1343491ae46ce243f45bece5aa9c80dd208c9b0ae37d58dc5520509491891e,image:df1343491ae46ce243f45bece5aa9c80dd208c9b0ae37d58dc5520509491891e,train,dataset/retraining/EfficientNet-B0/rebuild_20260926/dataset/train/Xylocarpus_granatum/df1343491ae46ce243f45bece5aa9c80dd208c9b0ae37d58dc5520509491891e.jpg,image:df1343491ae46ce243f45bece5aa9c80dd208c9b0ae37d58dc5520509491891e
Avicennia_marina/canopy/Avicennia_marina (5).jpeg,4,Avicennia_marina,df1beaf0781e2bfd43df81acb1af107ac42c4af4cf4fb79e4c48c64ec03d2e0d,image:df1beaf0781e2bfd43df81acb1af107ac42c4af4cf4fb79e4c48c64ec03d2e0d,train,dataset/retraining/EfficientNet-B0/rebuild_20260926/dataset/train/Avicennia_marina/df1beaf0781e2bfd43df81acb1af107ac42c4af4cf4fb79e4c48c64ec03d2e0d.jpg,image:df1beaf0781e2bfd43df81acb1af107ac42c4af4cf4fb79e4c48c64ec03d2e0d
Rhizophora_apiculata/canopy/large (3).jpeg,20,Rhizophora_apiculata,df2beb2d7aeb53657974057021ef1845667f4b5531c92a7163160cd9da1c7f9b,image:df2beb2d7aeb53657974057021ef1845667f4b5531c92a7163160cd9da1c7f9b,train,dataset/retraining/EfficientNet-B0/rebuild_20260926/dataset/train/Rhizophora_apiculata/df2beb2d7aeb53657974057021ef1845667f4b5531c92a7163160cd9da1c7f9b.jpg,image:df2beb2d7aeb53657974057021ef1845667f4b5531c92a7163160cd9da1c7f9b
Sonneratia_alba/canopy/sonneratia alba (84).jpeg,24,Sonneratia_alba,dfc8337c7d86c6d4f92bf8e667f0dc189990560dc436b55f0b37147e31f10bdf,image:dfc8337c7d86c6d4f92bf8e667f0dc189990560dc436b55f0b37147e31f10bdf,train,dataset/retraining/EfficientNet-B0/rebuild_20260926/dataset/train/Sonneratia_alba/dfc8337c7d86c6d4f92bf8e667f0dc189990560dc436b55f0b37147e31f10bdf.jpg,image:dfc8337c7d86c6d4f92bf8e667f0dc189990560dc436b55f0b37147e31f10bdf
Avicennia_marina/canopy/Avicennia_marina (93).jpeg,4,Avicennia_marina,e1234b92a9ab540de27a8cb64d3a693b345f91138fd72f1ff77bb44a0c6f7793,image:e1234b92a9ab540de27a8cb64d3a693b345f91138fd72f1ff77bb44a0c6f7793,train,dataset/retraining/EfficientNet-B0/rebuild_20260926/dataset/train/Avicennia_marina/e1234b92a9ab540de27a8cb64d3a693b345f91138fd72f1ff77bb44a0c6f7793.jpg,image:e1234b92a9ab540de27a8cb64d3a693b345f91138fd72f1ff77bb44a0c6f7793
Ceriops_tagal/canopy/Ceriops - 2026-07-16T160629.359.jpeg,11,Ceriops_tagal,e2a5d8c807bccc8b9b48afaaf16899ddb060699a0133d3a54f425e7fd5e39b9f,image:e2a5d8c807bccc8b9b48afaaf16899ddb060699a0133d3a54f425e7fd5e39b9f,train,dataset/retraining/EfficientNet-B0/rebuild_20260926/dataset/train/Ceriops_tagal/e2a5d8c807bccc8b9b48afaaf16899ddb060699a0133d3a54f425e7fd5e39b9f.jpg,image:e2a5d8c807bccc8b9b48afaaf16899ddb060699a0133d3a54f425e7fd5e39b9f
Sonneratia_alba/canopy/IMG_20260718_082400.jpg,24,Sonneratia_alba,e3f17ceaf0a3579cb82df413f3ccfa02a6128474537dd6366af7689eb5fdd2e5,image:e3f17ceaf0a3579cb82df413f3ccfa02a6128474537dd6366af7689eb5fdd2e5,train,dataset/retraining/EfficientNet-B0/rebuild_20260926/dataset/train/Sonneratia_alba/e3f17ceaf0a3579cb82df413f3ccfa02a6128474537dd6366af7689eb5fdd2e5.jpg,image:e3f17ceaf0a3579cb82df413f3ccfa02a6128474537dd6366af7689eb5fdd2e5
Avicennia_marina/canopy/Avicennia_marina - 2026-07-16T144439.323.jpeg,4,Avicennia_marina,e489f46d5a91a2ad91a80069ad30a65873478917e4f91da9185f7064c6f9fc42,image:e489f46d5a91a2ad91a80069ad30a65873478917e4f91da9185f7064c6f9fc42,test,dataset/retraining/EfficientNet-B0/rebuild_20260926/dataset/test/Avicennia_marina/e489f46d5a91a2ad91a80069ad30a65873478917e4f91da9185f7064c6f9fc42.jpg,image:e489f46d5a91a2ad91a80069ad30a65873478917e4f91da9185f7064c6f9fc42
Ceriops_tagal/canopy/Ceriops - 2026-07-16T160642.571.jpeg,11,Ceriops_tagal,e5df85af2c9a968a7b2327488d310b18e70dc4502ce4750bed4c4b3a234ab42f,image:e5df85af2c9a968a7b2327488d310b18e70dc4502ce4750bed4c4b3a234ab42f,val,dataset/retraining/EfficientNet-B0/rebuild_20260926/dataset/val/Ceriops_tagal/e5df85af2c9a968a7b2327488d310b18e70dc4502ce4750bed4c4b3a234ab42f.jpg,image:e5df85af2c9a968a7b2327488d310b18e70dc4502ce4750bed4c4b3a234ab42f
Ceriops_tagal/canopy/Ceriops - 2026-07-16T160614.668.jpeg,11,Ceriops_tagal,e71f02bba9f3d32eca8222b906118be78d9ff7bc2c08b283f773c0fc1c703907,image:e71f02bba9f3d32eca8222b906118be78d9ff7bc2c08b283f773c0fc1c703907,val,dataset/retraining/EfficientNet-B0/rebuild_20260926/dataset/val/Ceriops_tagal/e71f02bba9f3d32eca8222b906118be78d9ff7bc2c08b283f773c0fc1c703907.jpg,image:e71f02bba9f3d32eca8222b906118be78d9ff7bc2c08b283f773c0fc1c703907
Excoecaria_agallocha/canopy/Rhizophora sstylosa - 2026-07-19T223711.049.jpeg,13,Excoecaria_agallocha,ea40276be9ce9b72bc59bef7b700a3687329587313d170d2b9ca06d5fff12764,image:ea40276be9ce9b72bc59bef7b700a3687329587313d170d2b9ca06d5fff12764,train,dataset/retraining/EfficientNet-B0/rebuild_20260926/dataset/train/Excoecaria_agallocha/ea40276be9ce9b72bc59bef7b700a3687329587313d170d2b9ca06d5fff12764.jpg,image:ea40276be9ce9b72bc59bef7b700a3687329587313d170d2b9ca06d5fff12764
Rhizophora_apiculata/canopy/rhizophora-apiculata-blume-forest-mangrove-area-special-tree-prop-buttress-root-also-aerating-216887234.webp,20,Rhizophora_apiculata,ec878f48076dd088b796789cfe41d1cddd3551ab07f07f8a993c1b624602c448,image:ec878f48076dd088b796789cfe41d1cddd3551ab07f07f8a993c1b624602c448,train,dataset/retraining/EfficientNet-B0/rebuild_20260926/dataset/train/Rhizophora_apiculata/ec878f48076dd088b796789cfe41d1cddd3551ab07f07f8a993c1b624602c448.jpg,image:ec878f48076dd088b796789cfe41d1cddd3551ab07f07f8a993c1b624602c448
Avicennia_marina/canopy/Avicennia_marina - 2026-07-16T144435.988.jpeg,4,Avicennia_marina,edc60b82c07b7a343ac57f312756a94c5926c499a37e4480e0bdbfc398dbcc27,image:edc60b82c07b7a343ac57f312756a94c5926c499a37e4480e0bdbfc398dbcc27,train,dataset/retraining/EfficientNet-B0/rebuild_20260926/dataset/train/Avicennia_marina/edc60b82c07b7a343ac57f312756a94c5926c499a37e4480e0bdbfc398dbcc27.jpg,image:edc60b82c07b7a343ac57f312756a94c5926c499a37e4480e0bdbfc398dbcc27
Rhizophora_mucronata/canopy/imgi_207_medium.jpg,21,Rhizophora_mucronata,ef1a0c42b97dc310e5ba7a267e5eb0f06cb4defeb0704b14a2ab4f7d42d3197e,image:ef1a0c42b97dc310e5ba7a267e5eb0f06cb4defeb0704b14a2ab4f7d42d3197e,train,dataset/retraining/EfficientNet-B0/rebuild_20260926/dataset/train/Rhizophora_mucronata/ef1a0c42b97dc310e5ba7a267e5eb0f06cb4defeb0704b14a2ab4f7d42d3197e.jpg,image:ef1a0c42b97dc310e5ba7a267e5eb0f06cb4defeb0704b14a2ab4f7d42d3197e
Rhizophora_mucronata/canopy/imgi_214_medium.jpg,21,Rhizophora_mucronata,ef6b454e4fb1fe8d728066ddac48fbb0f84759cb18f435f7ecf8f6b91cf79e69,image:ef6b454e4fb1fe8d728066ddac48fbb0f84759cb18f435f7ecf8f6b91cf79e69,test,dataset/retraining/EfficientNet-B0/rebuild_20260926/dataset/test/Rhizophora_mucronata/ef6b454e4fb1fe8d728066ddac48fbb0f84759cb18f435f7ecf8f6b91cf79e69.jpg,image:ef6b454e4fb1fe8d728066ddac48fbb0f84759cb18f435f7ecf8f6b91cf79e69
Ceriops_tagal/canopy/Ceriops (44).jpeg,11,Ceriops_tagal,f10bd7a3cf41168e9f2a93fd664af7eafc889b007dfa18f750aeb3ad93047f56,image:f10bd7a3cf41168e9f2a93fd664af7eafc889b007dfa18f750aeb3ad93047f56,train,dataset/retraining/EfficientNet-B0/rebuild_20260926/dataset/train/Ceriops_tagal/f10bd7a3cf41168e9f2a93fd664af7eafc889b007dfa18f750aeb3ad93047f56.jpg,image:f10bd7a3cf41168e9f2a93fd664af7eafc889b007dfa18f750aeb3ad93047f56
Rhizophora_mucronata/canopy/imgi_235_medium - Copy.jpg,21,Rhizophora_mucronata,f11ce23801f0ee2d13944ce3bcf19b4ca3a65caa5632348298e106a3fbb23d8d,image:f11ce23801f0ee2d13944ce3bcf19b4ca3a65caa5632348298e106a3fbb23d8d,train,dataset/retraining/EfficientNet-B0/rebuild_20260926/dataset/train/Rhizophora_mucronata/f11ce23801f0ee2d13944ce3bcf19b4ca3a65caa5632348298e106a3fbb23d8d.jpg,image:f11ce23801f0ee2d13944ce3bcf19b4ca3a65caa5632348298e106a3fbb23d8d
Ceriops_tagal/canopy/Ceriops - 2026-07-16T160639.442.jpeg,11,Ceriops_tagal,f13c4c76af35bee3135b1acd774ff46a39c0b9a7f688ba22fab6210e5bcd8fb1,image:f13c4c76af35bee3135b1acd774ff46a39c0b9a7f688ba22fab6210e5bcd8fb1,train,dataset/retraining/EfficientNet-B0/rebuild_20260926/dataset/train/Ceriops_tagal/f13c4c76af35bee3135b1acd774ff46a39c0b9a7f688ba22fab6210e5bcd8fb1.jpg,image:f13c4c76af35bee3135b1acd774ff46a39c0b9a7f688ba22fab6210e5bcd8fb1
Rhizophora_stylosa/canopy/Rhizophora sstylosa - 2026-07-19T211117.371.jpeg,22,Rhizophora_stylosa,f14931c3339d475801604f624604949c50fc90e9725671a1ea35a42a75e436f5,image:f14931c3339d475801604f624604949c50fc90e9725671a1ea35a42a75e436f5,train,dataset/retraining/EfficientNet-B0/rebuild_20260926/dataset/train/Rhizophora_stylosa/f14931c3339d475801604f624604949c50fc90e9725671a1ea35a42a75e436f5.jpg,image:f14931c3339d475801604f624604949c50fc90e9725671a1ea35a42a75e436f5
Bruguiera_gymnorrhiza/canopy/Bruguiera - 2026-07-16T153245.470.jpeg,8,Bruguiera_gymnorrhiza,f1ec31cb19d72b897a950f3393fc381998106d796c465cf15fc6ed35930fb18d,image:f1ec31cb19d72b897a950f3393fc381998106d796c465cf15fc6ed35930fb18d,val,dataset/retraining/EfficientNet-B0/rebuild_20260926/dataset/val/Bruguiera_gymnorrhiza/f1ec31cb19d72b897a950f3393fc381998106d796c465cf15fc6ed35930fb18d.jpg,image:f1ec31cb19d72b897a950f3393fc381998106d796c465cf15fc6ed35930fb18d
Sonneratia_alba/canopy/sonneratia alba (5).jpeg,24,Sonneratia_alba,f1ecd344bd9d60e62986ab5080c26a3e035d67b833ec3a48d1bc6461b9d865f4,image:f1ecd344bd9d60e62986ab5080c26a3e035d67b833ec3a48d1bc6461b9d865f4,val,dataset/retraining/EfficientNet-B0/rebuild_20260926/dataset/val/Sonneratia_alba/f1ecd344bd9d60e62986ab5080c26a3e035d67b833ec3a48d1bc6461b9d865f4.jpg,image:f1ecd344bd9d60e62986ab5080c26a3e035d67b833ec3a48d1bc6461b9d865f4
Rhizophora_apiculata/canopy/IMG_20260718_081215_1.jpg,20,Rhizophora_apiculata,f232cf844ca3391d64fbaad4bd76470a41fc8b961a513294243f957b7799c329,image:f232cf844ca3391d64fbaad4bd76470a41fc8b961a513294243f957b7799c329,train,dataset/retraining/EfficientNet-B0/rebuild_20260926/dataset/train/Rhizophora_apiculata/f232cf844ca3391d64fbaad4bd76470a41fc8b961a513294243f957b7799c329.jpg,image:f232cf844ca3391d64fbaad4bd76470a41fc8b961a513294243f957b7799c329
Avicennia_marina/canopy/Avicennia_marina - 2026-07-16T144446.051.jpeg,4,Avicennia_marina,f24bb8994503d63d3aec94a98ee67c6ecbb5d6f0ca789d34ac0d241ead188b13,image:f24bb8994503d63d3aec94a98ee67c6ecbb5d6f0ca789d34ac0d241ead188b13,val,dataset/retraining/EfficientNet-B0/rebuild_20260926/dataset/val/Avicennia_marina/f24bb8994503d63d3aec94a98ee67c6ecbb5d6f0ca789d34ac0d241ead188b13.jpg,image:f24bb8994503d63d3aec94a98ee67c6ecbb5d6f0ca789d34ac0d241ead188b13
Avicennia_marina/canopy/IMG_20260718_075637.jpg,4,Avicennia_marina,f33c333dd1733906d7eaddc80641ce2a519c6a4e22a65eeadfd92409c3719bf4,image:f33c333dd1733906d7eaddc80641ce2a519c6a4e22a65eeadfd92409c3719bf4,train,dataset/retraining/EfficientNet-B0/rebuild_20260926/dataset/train/Avicennia_marina/f33c333dd1733906d7eaddc80641ce2a519c6a4e22a65eeadfd92409c3719bf4.jpg,image:f33c333dd1733906d7eaddc80641ce2a519c6a4e22a65eeadfd92409c3719bf4
Rhizophora_mucronata/canopy/imgi_49_medium.jpg,21,Rhizophora_mucronata,f471ab1e9f20a6ffbbb983914c18dcd8ba39b6634d1ce6981588f54105a3d70c,image:f471ab1e9f20a6ffbbb983914c18dcd8ba39b6634d1ce6981588f54105a3d70c,train,dataset/retraining/EfficientNet-B0/rebuild_20260926/dataset/train/Rhizophora_mucronata/f471ab1e9f20a6ffbbb983914c18dcd8ba39b6634d1ce6981588f54105a3d70c.jpg,image:f471ab1e9f20a6ffbbb983914c18dcd8ba39b6634d1ce6981588f54105a3d70c
Rhizophora_stylosa/canopy/Rhizophora sstylosa (99).jpeg,22,Rhizophora_stylosa,f48f8d0b962b57f07457f1926d7a87e23d9fcbeaf8ce31423202e8b5f58fa503,image:f48f8d0b962b57f07457f1926d7a87e23d9fcbeaf8ce31423202e8b5f58fa503,test,dataset/retraining/EfficientNet-B0/rebuild_20260926/dataset/test/Rhizophora_stylosa/f48f8d0b962b57f07457f1926d7a87e23d9fcbeaf8ce31423202e8b5f58fa503.jpg,image:f48f8d0b962b57f07457f1926d7a87e23d9fcbeaf8ce31423202e8b5f58fa503
Excoecaria_agallocha/canopy/Rhizophora sstylosa (42).jpeg,13,Excoecaria_agallocha,f6a6959bb8f263b4b0649279ca9bf74b7c759be668ad378f803de843143614ae,image:f6a6959bb8f263b4b0649279ca9bf74b7c759be668ad378f803de843143614ae,test,dataset/retraining/EfficientNet-B0/rebuild_20260926/dataset/test/Excoecaria_agallocha/f6a6959bb8f263b4b0649279ca9bf74b7c759be668ad378f803de843143614ae.jpg,image:f6a6959bb8f263b4b0649279ca9bf74b7c759be668ad378f803de843143614ae
Rhizophora_apiculata/canopy/images (3).jpg,20,Rhizophora_apiculata,f724e02454a24c7dd5fa4dafc1830a80270dcd0158402c1f7739fd9a2e01fad1,image:f724e02454a24c7dd5fa4dafc1830a80270dcd0158402c1f7739fd9a2e01fad1,test,dataset/retraining/EfficientNet-B0/rebuild_20260926/dataset/test/Rhizophora_apiculata/f724e02454a24c7dd5fa4dafc1830a80270dcd0158402c1f7739fd9a2e01fad1.jpg,image:f724e02454a24c7dd5fa4dafc1830a80270dcd0158402c1f7739fd9a2e01fad1
Rhizophora_mucronata/canopy/imgi_22_medium.jpg,21,Rhizophora_mucronata,f8781fba96245e1b804a2b61561342f05abcc27688f7663c4944d62809f58037,image:f8781fba96245e1b804a2b61561342f05abcc27688f7663c4944d62809f58037,train,dataset/retraining/EfficientNet-B0/rebuild_20260926/dataset/train/Rhizophora_mucronata/f8781fba96245e1b804a2b61561342f05abcc27688f7663c4944d62809f58037.jpg,image:f8781fba96245e1b804a2b61561342f05abcc27688f7663c4944d62809f58037
Avicennia_marina/canopy/IMG_20260718_072719.jpg,4,Avicennia_marina,f9094eea9e0535ef04163613380e7280e3d165b3d4fd40186c4c75f0a293758c,image:f9094eea9e0535ef04163613380e7280e3d165b3d4fd40186c4c75f0a293758c,train,dataset/retraining/EfficientNet-B0/rebuild_20260926/dataset/train/Avicennia_marina/f9094eea9e0535ef04163613380e7280e3d165b3d4fd40186c4c75f0a293758c.jpg,image:f9094eea9e0535ef04163613380e7280e3d165b3d4fd40186c4c75f0a293758c
Sonneratia_alba/canopy/sonneratia alba - 2026-07-20T131557.590.jpeg,24,Sonneratia_alba,f93b678e4a80883dd4c9cb0aa9c54896be5b22227669998df12ec30c22cb9cbf,image:f93b678e4a80883dd4c9cb0aa9c54896be5b22227669998df12ec30c22cb9cbf,train,dataset/retraining/EfficientNet-B0/rebuild_20260926/dataset/train/Sonneratia_alba/f93b678e4a80883dd4c9cb0aa9c54896be5b22227669998df12ec30c22cb9cbf.jpg,image:f93b678e4a80883dd4c9cb0aa9c54896be5b22227669998df12ec30c22cb9cbf
Sonneratia_alba/canopy/sonneratia alba (18).jpeg,24,Sonneratia_alba,fa7a044bc1f2ab8d70f097bd440831771a3801498c5eb5247cf0a0e05f90f296,image:fa7a044bc1f2ab8d70f097bd440831771a3801498c5eb5247cf0a0e05f90f296,train,dataset/retraining/EfficientNet-B0/rebuild_20260926/dataset/train/Sonneratia_alba/fa7a044bc1f2ab8d70f097bd440831771a3801498c5eb5247cf0a0e05f90f296.jpg,image:fa7a044bc1f2ab8d70f097bd440831771a3801498c5eb5247cf0a0e05f90f296
Bruguiera_gymnorrhiza/canopy/Bruguiera - 2026-07-16T153232.274.jpeg,8,Bruguiera_gymnorrhiza,fc4c8335824719be5198063464481441d4a069acfd47ec14115c87390b9fef5c,image:fc4c8335824719be5198063464481441d4a069acfd47ec14115c87390b9fef5c,test,dataset/retraining/EfficientNet-B0/rebuild_20260926/dataset/test/Bruguiera_gymnorrhiza/fc4c8335824719be5198063464481441d4a069acfd47ec14115c87390b9fef5c.jpg,image:fc4c8335824719be5198063464481441d4a069acfd47ec14115c87390b9fef5c
Rhizophora_apiculata/canopy/Tall-stilt_Mangroves_(Rhizophora_apiculata)_(15851577945).jpg,20,Rhizophora_apiculata,fc6f0ec560bd5cab3e71163f980c7a8f4d8da78adbbbb39bce7aba9a35a69194,image:fc6f0ec560bd5cab3e71163f980c7a8f4d8da78adbbbb39bce7aba9a35a69194,train,dataset/retraining/EfficientNet-B0/rebuild_20260926/dataset/train/Rhizophora_apiculata/fc6f0ec560bd5cab3e71163f980c7a8f4d8da78adbbbb39bce7aba9a35a69194.jpg,image:fc6f0ec560bd5cab3e71163f980c7a8f4d8da78adbbbb39bce7aba9a35a69194
Sonneratia_alba/canopy/IMG_20260718_082323_1.jpg,24,Sonneratia_alba,ff2e13f8a994d8bfe619c9c475c5a1404bc0db0d0649892a280d4a9906380a49,image:ff2e13f8a994d8bfe619c9c475c5a1404bc0db0d0649892a280d4a9906380a49,train,dataset/retraining/EfficientNet-B0/rebuild_20260926/dataset/train/Sonneratia_alba/ff2e13f8a994d8bfe619c9c475c5a1404bc0db0d0649892a280d4a9906380a49.jpg,image:ff2e13f8a994d8bfe619c9c475c5a1404bc0db0d0649892a280d4a9906380a49
Ceriops_tagal/canopy/Ceriops - 2026-07-16T160612.030.jpeg,11,Ceriops_tagal,ff5ac577dfb29f99c60cff7ae6cd1243b809ee70b24b202ad5ade4cf93af0ec9,image:ff5ac577dfb29f99c60cff7ae6cd1243b809ee70b24b202ad5ade4cf93af0ec9,train,dataset/retraining/EfficientNet-B0/rebuild_20260926/dataset/train/Ceriops_tagal/ff5ac577dfb29f99c60cff7ae6cd1243b809ee70b24b202ad5ade4cf93af0ec9.jpg,image:ff5ac577dfb29f99c60cff7ae6cd1243b809ee70b24b202ad5ade4cf93af0ec9
Rhizophora_apiculata/canopy/IMG_20260718_075440.jpg,20,Rhizophora_apiculata,ffa8d4166a72d6cf34f4f39b494a8668c940c95c2c485f93898da9ac4b27ca0d,image:ffa8d4166a72d6cf34f4f39b494a8668c940c95c2c485f93898da9ac4b27ca0d,train,dataset/retraining/EfficientNet-B0/rebuild_20260926/dataset/train/Rhizophora_apiculata/ffa8d4166a72d6cf34f4f39b494a8668c940c95c2c485f93898da9ac4b27ca0d.jpg,image:ffa8d4166a72d6cf34f4f39b494a8668c940c95c2c485f93898da9ac4b27ca0d
