source,saved_path,class_name,sha256_rgb,group,width,height,contrast,gradient,perceptual_hash,flags
Bruguiera_gymnorrhiza/Flowers/Bruguiera (47).jpeg,dataset/train/Bruguiera_gymnorrhiza/006d905698850238af37fa16fe38e47728df9b34970c798c378c5edab521d985.jpg,Bruguiera_gymnorrhiza,006d905698850238af37fa16fe38e47728df9b34970c798c378c5edab521d985,image:006d905698850238af37fa16fe38e47728df9b34970c798c378c5edab521d985,375,500,44.6367538649305,16.516978346456693,0464692b8e0c0105,
Bruguiera_gymnorrhiza/Flowers/Bruguiera (1).jpeg,dataset/train/Bruguiera_gymnorrhiza/8808531a9f6f7a58deb58f15c79974783aad6032440052996f10c53bbc8c46c1.jpg,Bruguiera_gymnorrhiza,8808531a9f6f7a58deb58f15c79974783aad6032440052996f10c53bbc8c46c1,image:8808531a9f6f7a58deb58f15c79974783aad6032440052996f10c53bbc8c46c1,1536,2048,44.65138301111141,16.4816375492126,0464692b8e0c0105,
Bruguiera_gymnorrhiza/Flowers/Bruguiera (11).jpeg,dataset/train/Bruguiera_gymnorrhiza/d355dc470acdb2e8c8bc3aa792517ac3cf78a252e15a8a0cfb27d2fe01d0f05e.jpg,Bruguiera_gymnorrhiza,d355dc470acdb2e8c8bc3aa792517ac3cf78a252e15a8a0cfb27d2fe01d0f05e,image:d355dc470acdb2e8c8bc3aa792517ac3cf78a252e15a8a0cfb27d2fe01d0f05e,768,1024,44.64044911350266,16.494186761811022,0464692b8e0c0105,
Rhizophora_stylosa/canopy/Rhizophora sstylosa (7).jpeg,dataset/train/Rhizophora_stylosa/1eee0879381a6c1dfffbdd011580d78dbf73daf4f102b985d7e6cd3c115fc127.jpg,Rhizophora_stylosa,1eee0879381a6c1dfffbdd011580d78dbf73daf4f102b985d7e6cd3c115fc127,image:1eee0879381a6c1dfffbdd011580d78dbf73daf4f102b985d7e6cd3c115fc127,1600,1200,60.95989479934133,15.788724163385826,0b0f4f0b0f0f03e1,
Rhizophora_stylosa/canopy/Rhizophora sstylosa (26).jpeg,dataset/train/Rhizophora_stylosa/60eeee895b7c92cfcfd0a04c9a74ac441726062a8c69ac3c0b78339036c38ce8.jpg,Rhizophora_stylosa,60eeee895b7c92cfcfd0a04c9a74ac441726062a8c69ac3c0b78339036c38ce8,image:60eeee895b7c92cfcfd0a04c9a74ac441726062a8c69ac3c0b78339036c38ce8,500,375,60.57413183030647,15.687992125984252,0b0f4f0b0f0f03e1,
Bruguiera_gymnorrhiza/Flowers/Bruguiera (14).jpeg,dataset/train/Bruguiera_gymnorrhiza/28288c270db1e001804ea3895c8c129db2eb63d94048cb59997fb405ef730196.jpg,Bruguiera_gymnorrhiza,28288c270db1e001804ea3895c8c129db2eb63d94048cb59997fb405ef730196,image:28288c270db1e001804ea3895c8c129db2eb63d94048cb59997fb405ef730196,1024,705,44.453166296425195,5.638502706692913,0f0efcb0f39397be,
Bruguiera_gymnorrhiza/Flowers/Bruguiera (5).jpeg,dataset/train/Bruguiera_gymnorrhiza/7518e2e7d7da6abbd4a9839531afebffb719aa3ba3c671169fe5903614cf4ba4.jpg,Bruguiera_gymnorrhiza,7518e2e7d7da6abbd4a9839531afebffb719aa3ba3c671169fe5903614cf4ba4,image:7518e2e7d7da6abbd4a9839531afebffb719aa3ba3c671169fe5903614cf4ba4,2048,1410,44.44112648628169,5.635303887795276,0f0efcb0f39397be,
Bruguiera_gymnorrhiza/Flowers/Bruguiera - 2026-07-16T153255.921.jpeg,dataset/train/Bruguiera_gymnorrhiza/8e76152f386e5cfaa6dbf4db526c8d2b4c349ccd33d07c37ba87a872c18140ee.jpg,Bruguiera_gymnorrhiza,8e76152f386e5cfaa6dbf4db526c8d2b4c349ccd33d07c37ba87a872c18140ee,image:8e76152f386e5cfaa6dbf4db526c8d2b4c349ccd33d07c37ba87a872c18140ee,240,165,44.42186288082053,5.773898868110236,0f0efcb0f39397be,small_image
Bruguiera_gymnorrhiza/Flowers/Bruguiera - 2026-07-16T153240.099.jpeg,dataset/train/Bruguiera_gymnorrhiza/3f30b64e13c43d61b4545690af15518e0e164119dbbb048ad157be2b310f62d6.jpg,Bruguiera_gymnorrhiza,3f30b64e13c43d61b4545690af15518e0e164119dbbb048ad157be2b310f62d6,image:3f30b64e13c43d61b4545690af15518e0e164119dbbb048ad157be2b310f62d6,500,344,44.440780022938355,5.643700787401574,0f0efcb0f39397be,
Bruguiera_gymnorrhiza/Flowers/Bruguiera (45).jpeg,dataset/train/Bruguiera_gymnorrhiza/deae00b37bb360168ad8f1bb4db1204208d482c9ea762600710693fce601f20e.jpg,Bruguiera_gymnorrhiza,deae00b37bb360168ad8f1bb4db1204208d482c9ea762600710693fce601f20e,image:deae00b37bb360168ad8f1bb4db1204208d482c9ea762600710693fce601f20e,375,500,47.33793030888381,15.278051181102363,123d392a05694426,
Bruguiera_gymnorrhiza/Flowers/Bruguiera - 2026-07-16T153254.967.jpeg,dataset/train/Bruguiera_gymnorrhiza/a4e42506ed6b8be47f92c4aca903313262ee2ebfa28f39caf28a4589360eb2df.jpg,Bruguiera_gymnorrhiza,a4e42506ed6b8be47f92c4aca903313262ee2ebfa28f39caf28a4589360eb2df,image:a4e42506ed6b8be47f92c4aca903313262ee2ebfa28f39caf28a4589360eb2df,180,240,47.36213674924324,15.402897391732283,123d392a05694426,small_image
Bruguiera_gymnorrhiza/Flowers/Bruguiera (9).jpeg,dataset/train/Bruguiera_gymnorrhiza/4e8b8f8e03d2ac4e35894a5ae60e0420e187216e21e4d45555d06be683c7706e.jpg,Bruguiera_gymnorrhiza,4e8b8f8e03d2ac4e35894a5ae60e0420e187216e21e4d45555d06be683c7706e,image:4e8b8f8e03d2ac4e35894a5ae60e0420e187216e21e4d45555d06be683c7706e,768,1024,47.33553134691555,15.26294906496063,123d392a05694426,
Sonneratia_alba/Bark/IMG_20260718_073201.jpg,dataset/train/Sonneratia_alba/2bda179120c80630b6a7792ea818a325c2b71ec150a018e542c9e1b6e6821f46.jpg,Sonneratia_alba,2bda179120c80630b6a7792ea818a325c2b71ec150a018e542c9e1b6e6821f46,image:2bda179120c80630b6a7792ea818a325c2b71ec150a018e542c9e1b6e6821f46,3048,4064,42.91956719743435,20.888379675196852,14d475b4b1b3e3f3,
Sonneratia_alba/Bark/IMG_20260718_073200_1.jpg,dataset/train/Sonneratia_alba/cd50970bc44e95538b14abff542e57cfe1143b89d4556958705472e511402ce0.jpg,Sonneratia_alba,cd50970bc44e95538b14abff542e57cfe1143b89d4556958705472e511402ce0,image:cd50970bc44e95538b14abff542e57cfe1143b89d4556958705472e511402ce0,3048,4064,43.2935618210055,20.8839812992126,14d475b4b1b3e3f3,
Bruguiera_sexangula/Flowers/gbif_4606603025_2_79bd20786f.jpg,dataset/train/Bruguiera_sexangula/c8a7b4c241d4157e54487eb524d0a2fa9a3ee66c123a0ac6e3bb9215f94baf6d.jpg,Bruguiera_sexangula,c8a7b4c241d4157e54487eb524d0a2fa9a3ee66c123a0ac6e3bb9215f94baf6d,gbif:4606603025,1024,1024,42.16502858765294,7.880013533464567,182c2731b5f8bbd2,
Bruguiera_sexangula/Flowers/commons_79773268_d9a7995fd8.jpg,dataset/train/Bruguiera_sexangula/66823eee164457854a284b1036cab019ea62c5acb080ec801853a67b419bdb2f.jpg,Bruguiera_sexangula,66823eee164457854a284b1036cab019ea62c5acb080ec801853a67b419bdb2f,commons:79773268,960,960,42.22754510359111,7.999507874015748,182c2731b5f8bbd2,
Ceriops_zippeliana/Leaves/.trashed-1792647497-IMG_20260922_133503_Burst06.jpg,dataset/train/Ceriops_zippeliana/a68fb82d8a6feedc07e79e6142dc10ba094072a6ef2a0fbb709db9ad7174b858.jpg,Ceriops_zippeliana,a68fb82d8a6feedc07e79e6142dc10ba094072a6ef2a0fbb709db9ad7174b858,image:a68fb82d8a6feedc07e79e6142dc10ba094072a6ef2a0fbb709db9ad7174b858,3060,4080,52.52911733127511,22.81040846456693,1906b4b132322ac8,
Ceriops_zippeliana/Leaves/.trashed-1792647498-IMG_20260922_133503_Burst02.jpg,dataset/train/Ceriops_zippeliana/75005f023cc77e68db89055259171ab25a296e19e30713fe80f976e2387063bb.jpg,Ceriops_zippeliana,75005f023cc77e68db89055259171ab25a296e19e30713fe80f976e2387063bb,image:75005f023cc77e68db89055259171ab25a296e19e30713fe80f976e2387063bb,3060,4080,52.43869808087788,22.99840059055118,1906b4b132322ac8,
Avicennia_marina/canopy/Avicennia_marina (9).jpeg,dataset/train/Avicennia_marina/ab852522e893b7714fd7bf0f11d2d14dea1a4e3a0427e56935ac2a4dc28ea8d6.jpg,Avicennia_marina,ab852522e893b7714fd7bf0f11d2d14dea1a4e3a0427e56935ac2a4dc28ea8d6,image:ab852522e893b7714fd7bf0f11d2d14dea1a4e3a0427e56935ac2a4dc28ea8d6,768,1024,56.59662324917227,15.515563484251969,1b1a82192d4b17b4,
Avicennia_marina/canopy/Avicennia_marina (44).jpeg,dataset/train/Avicennia_marina/7ff5a5ce0d4cfb80f32db3758500ba69f2d9f120e3fa4eaa37dbc40076b9d6fa.jpg,Avicennia_marina,7ff5a5ce0d4cfb80f32db3758500ba69f2d9f120e3fa4eaa37dbc40076b9d6fa,image:7ff5a5ce0d4cfb80f32db3758500ba69f2d9f120e3fa4eaa37dbc40076b9d6fa,375,500,56.60861102775045,15.554164616141733,1b1a82192d4b17b4,
Ceriops_zippeliana/Leaves/IMG_20260922_133433_Burst04.jpg,dataset/train/Ceriops_zippeliana/b437889d14f8a8113fbdb54e7b9b5c1ff48d86758ef1d4355c0695be27f5091a.jpg,Ceriops_zippeliana,b437889d14f8a8113fbdb54e7b9b5c1ff48d86758ef1d4355c0695be27f5091a,image:b437889d14f8a8113fbdb54e7b9b5c1ff48d86758ef1d4355c0695be27f5091a,3060,4080,47.55331974371961,19.21570497047244,1dcb8d2861c98313,
Ceriops_zippeliana/Leaves/IMG_20260922_133433_Burst05.jpg,dataset/train/Ceriops_zippeliana/100fd467fb51425e88219a244c421c906fb1b68fd4c8eaf8873574a0d1d565eb.jpg,Ceriops_zippeliana,100fd467fb51425e88219a244c421c906fb1b68fd4c8eaf8873574a0d1d565eb,image:100fd467fb51425e88219a244c421c906fb1b68fd4c8eaf8873574a0d1d565eb,3060,4080,47.58396011362568,19.205923966535433,1dcb8d2861c98313,
Avicennia_officinalis/Flowers/imgi_149_medium.jpg,dataset/train/Avicennia_officinalis/f58ec9cc7d05c7560799da3b5e1072485f5d31c08e72dc3e05e005b990c1cb5c.jpg,Avicennia_officinalis,f58ec9cc7d05c7560799da3b5e1072485f5d31c08e72dc3e05e005b990c1cb5c,image:f58ec9cc7d05c7560799da3b5e1072485f5d31c08e72dc3e05e005b990c1cb5c,500,375,31.487322466305496,7.567728838582677,2200082969948828,
Avicennia_officinalis/Flowers/gbif_6234197711_0_e5c763caa3.jpg,dataset/train/Avicennia_officinalis/963d92deef8259f3f3d18beceb7585532a72e5303db36b900a36df661339d433.jpg,Avicennia_officinalis,963d92deef8259f3f3d18beceb7585532a72e5303db36b900a36df661339d433,gbif:6234197711,2048,1536,31.474700009082063,7.530388779527559,2200082969948828,
Rhizophora_stylosa/flowers/Rhizophora sstylosa (1) - Copy.jpeg,dataset/train/Rhizophora_stylosa/66135e38303210c009001fde47dc6516c90622303a8d3f2037e393d7b9e31ee4.jpg,Rhizophora_stylosa,66135e38303210c009001fde47dc6516c90622303a8d3f2037e393d7b9e31ee4,image:66135e38303210c009001fde47dc6516c90622303a8d3f2037e393d7b9e31ee4,2048,1536,59.688081890004746,16.59974778543307,262763c9c4ccead9,
Rhizophora_stylosa/flowers/Rhizophora sstylosa (10) - Copy.jpeg,dataset/train/Rhizophora_stylosa/64ef7b7859a41e61680bf1447506d983da3a08a18ed96dc0dc0b4be118b239e4.jpg,Rhizophora_stylosa,64ef7b7859a41e61680bf1447506d983da3a08a18ed96dc0dc0b4be118b239e4,image:64ef7b7859a41e61680bf1447506d983da3a08a18ed96dc0dc0b4be118b239e4,1024,768,59.68933069894294,16.60574557086614,262763c9c4ccead9,
Nypa_fruticans/Flowers/imgi_260_medium.jpg,dataset/train/Nypa_fruticans/6e8aac90c3e5ab620005e812d47f487a529f197f5053fd835e6d74ea81536a9f.jpg,Nypa_fruticans,6e8aac90c3e5ab620005e812d47f487a529f197f5053fd835e6d74ea81536a9f,image:6e8aac90c3e5ab620005e812d47f487a529f197f5053fd835e6d74ea81536a9f,500,333,76.00960691962666,16.958384596456693,2719c9c3cf5f27e7,
Nypa_fruticans/Flowers/imgi_259_small.jpg,dataset/train/Nypa_fruticans/ba47b948ffc1f9771713b5a443c9a22526e343b2d167512f7e9049efe79f070a.jpg,Nypa_fruticans,ba47b948ffc1f9771713b5a443c9a22526e343b2d167512f7e9049efe79f070a,image:ba47b948ffc1f9771713b5a443c9a22526e343b2d167512f7e9049efe79f070a,240,160,75.78527919398412,16.992341289370078,2719c9c3cf5f27e7,small_image
Scyphiphora_hydrophylacea/Flowers/commons_86000249_8a980b89a4.jpg,dataset/train/Scyphiphora_hydrophylacea/c87cb729ce2d1b7757714478b4734414b54bdbfec3eef038a0c52b8c272ab42f.jpg,Scyphiphora_hydrophylacea,c87cb729ce2d1b7757714478b4734414b54bdbfec3eef038a0c52b8c272ab42f,commons:86000249,960,720,49.2220653727864,11.246831938976378,2931e1e3e1c9c927,
Scyphiphora_hydrophylacea/Flowers/gbif_2529406063_1_786bb46729.jpg,dataset/train/Scyphiphora_hydrophylacea/a45bcabc05c0beacb781ec1029a16739ed6159ede0ea5a65f0fdef522fee4ffd.jpg,Scyphiphora_hydrophylacea,a45bcabc05c0beacb781ec1029a16739ed6159ede0ea5a65f0fdef522fee4ffd,gbif:2529406063,1024,768,49.09856955193015,11.074434055118111,2931e1e3e1c9c927,
Sonneratia_alba/Bark/IMG_20260718_082339.jpg,dataset/train/Sonneratia_alba/a4b218cd2ba3fdf2a47b774b979576c620555e03d57451cee75fb0363e744372.jpg,Sonneratia_alba,a4b218cd2ba3fdf2a47b774b979576c620555e03d57451cee75fb0363e744372,image:a4b218cd2ba3fdf2a47b774b979576c620555e03d57451cee75fb0363e744372,3048,4064,57.38421835219182,23.987789124015748,2987632193054b49,
Sonneratia_alba/Leaves/IMG_20260718_082338.jpg,dataset/train/Sonneratia_alba/fe94758b27d00e3bb00739b8f427634d02987b9e5241d7447bfe017282e4eaa9.jpg,Sonneratia_alba,fe94758b27d00e3bb00739b8f427634d02987b9e5241d7447bfe017282e4eaa9,image:fe94758b27d00e3bb00739b8f427634d02987b9e5241d7447bfe017282e4eaa9,3048,4064,57.42326793706861,23.986712598425196,2987632193054b49,
Avicennia_marina/Flowers/Avicennia_marina (20).jpeg,dataset/train/Avicennia_marina/7fb8359eedc7fe6e4391d017265dbe079557ffce063b3e47de786916bab5571a.jpg,Avicennia_marina,7fb8359eedc7fe6e4391d017265dbe079557ffce063b3e47de786916bab5571a,image:7fb8359eedc7fe6e4391d017265dbe079557ffce063b3e47de786916bab5571a,745,669,44.9102040778157,10.490003690944881,2a3ce4c9071b333d,
Avicennia_marina/Flowers/Avicennia_marina (21).jpeg,dataset/train/Avicennia_marina/9a2009e1bbdd970257ca520aa8d042d510009cdd369cd510bc94f545eec09b29.jpg,Avicennia_marina,9a2009e1bbdd970257ca520aa8d042d510009cdd369cd510bc94f545eec09b29,image:9a2009e1bbdd970257ca520aa8d042d510009cdd369cd510bc94f545eec09b29,745,669,44.912166237592935,10.487789124015748,2a3ce4c9071b333d,
Avicennia_marina/Flowers/Avicennia_marina - 2026-07-16T144433.203.jpeg,dataset/train/Avicennia_marina/c2c43cf4261ee7e4e3e96769e42872fe1908547eaf802b5e83461803b747228b.jpg,Avicennia_marina,c2c43cf4261ee7e4e3e96769e42872fe1908547eaf802b5e83461803b747228b,image:c2c43cf4261ee7e4e3e96769e42872fe1908547eaf802b5e83461803b747228b,500,333,49.44423207596483,11.572742372047244,2e4e4c5a3c7969fd,
Avicennia_marina/Leaves/Avicennia_marina (6).jpeg,dataset/train/Avicennia_marina/08589d709db227ae36d579c6f3f81a67e10fd5c1a690597a74b2dd90980d4346.jpg,Avicennia_marina,08589d709db227ae36d579c6f3f81a67e10fd5c1a690597a74b2dd90980d4346,image:08589d709db227ae36d579c6f3f81a67e10fd5c1a690597a74b2dd90980d4346,2048,1365,49.45109844390643,11.549274114173228,2e4e4c5a3c7969fd,
Avicennia_marina/Flowers/Avicennia_marina - 2026-07-16T144448.483.jpeg,dataset/train/Avicennia_marina/6069d4aa27c75b2aecb57d31fc9e2aee15c36a7ef76f2d078fe3bf21b0afcb81.jpg,Avicennia_marina,6069d4aa27c75b2aecb57d31fc9e2aee15c36a7ef76f2d078fe3bf21b0afcb81,image:6069d4aa27c75b2aecb57d31fc9e2aee15c36a7ef76f2d078fe3bf21b0afcb81,240,160,49.46115445282407,11.84765625,2e4e4c5a3c7969fd,small_image
Avicennia_marina/Flowers/Avicennia_marina (16).jpeg,dataset/train/Avicennia_marina/eeae37962c125d4570939dea37942d86a0c5c1a2c2d597390a1ad1a74772903d.jpg,Avicennia_marina,eeae37962c125d4570939dea37942d86a0c5c1a2c2d597390a1ad1a74772903d,image:eeae37962c125d4570939dea37942d86a0c5c1a2c2d597390a1ad1a74772903d,1024,683,49.450247866656134,11.55613312007874,2e4e4c5a3c7969fd,
Xylocarpus_moluccensis/Flowers/gbif_1668768360_3_fe02c817ca.jpg,dataset/train/Xylocarpus_moluccensis/c3a81a1854ec82fba9834f638988fe25359ee2c00575b1ee7132bde32546f478.jpg,Xylocarpus_moluccensis,c3a81a1854ec82fba9834f638988fe25359ee2c00575b1ee7132bde32546f478,gbif:1668768360,366,650,49.532385346791095,15.447465551181104,30c7ccc11856ceb3,
Xylocarpus_moluccensis/Flowers/commons_148723075_9fc7aea72a.jpg,dataset/train/Xylocarpus_moluccensis/70331c95eb975dfd5462bd9d8e02e3333dc7e6d2163bd3ab58b1f4a05be43393.jpg,Xylocarpus_moluccensis,70331c95eb975dfd5462bd9d8e02e3333dc7e6d2163bd3ab58b1f4a05be43393,commons:148723075,960,1707,49.791692288560405,15.84916338582677,30c7ccc11856ceb3,
Avicennia_marina/Flowers/Avicennia_marina - 2026-07-16T144429.884.jpeg,dataset/train/Avicennia_marina/10e11f780f2268592bac6695db436fd3d0f33fb6cf4844336e8e2f027daa5b99.jpg,Avicennia_marina,10e11f780f2268592bac6695db436fd3d0f33fb6cf4844336e8e2f027daa5b99,image:10e11f780f2268592bac6695db436fd3d0f33fb6cf4844336e8e2f027daa5b99,500,336,62.139243309226806,6.700326033464567,312161636323d66c,
Avicennia_alba/Flowers/gbif_5153016342_0_aa786b78cc.jpg,dataset/train/Avicennia_alba/8af98c154abf4a047ecc434ba00228aff14309dd9cb2d552d85b88be908b95f9.jpg,Avicennia_alba,8af98c154abf4a047ecc434ba00228aff14309dd9cb2d552d85b88be908b95f9,gbif:5153016342,782,525,62.1534319618068,6.66753813976378,312161636323d66c,
Avicennia_marina/Flowers/Avicennia_marina (2).jpeg,dataset/train/Avicennia_marina/4f6169b6f5d2b6ad829d839d00c6cddac05b8145b779e77a2994a24efe0c0f02.jpg,Avicennia_marina,4f6169b6f5d2b6ad829d839d00c6cddac05b8145b779e77a2994a24efe0c0f02,image:4f6169b6f5d2b6ad829d839d00c6cddac05b8145b779e77a2994a24efe0c0f02,2048,1536,50.742960967291054,4.11451156496063,31391969703a28a0,
Avicennia_marina/Flowers/Avicennia_marina (11).jpeg,dataset/train/Avicennia_marina/954fb4bf157a05af90b83585b18f53eb69928de0d0a9d16924e07f17b88bb008.jpg,Avicennia_marina,954fb4bf157a05af90b83585b18f53eb69928de0d0a9d16924e07f17b88bb008,image:954fb4bf157a05af90b83585b18f53eb69928de0d0a9d16924e07f17b88bb008,1024,768,50.74559379344863,4.125338336614173,31391969703a28a0,
Avicennia_officinalis/Flowers/imgi_159_medium.jpg,dataset/train/Avicennia_officinalis/79670c1c2fbbcb512cc80aca6f01dd271b7e785811eba2bc1009e15cf1795e5a.jpg,Avicennia_officinalis,79670c1c2fbbcb512cc80aca6f01dd271b7e785811eba2bc1009e15cf1795e5a,image:79670c1c2fbbcb512cc80aca6f01dd271b7e785811eba2bc1009e15cf1795e5a,500,305,50.011367143166545,6.6924212598425195,332b696971672785,
Avicennia_officinalis/Flowers/gbif_2626654066_0_e53e526b57.jpg,dataset/train/Avicennia_officinalis/dce7891986f16c63e7983a8d9d4126b903b85913b090b4be42053aaba04fa474.jpg,Avicennia_officinalis,dce7891986f16c63e7983a8d9d4126b903b85913b090b4be42053aaba04fa474,gbif:2626654066,1024,625,50.00884850969703,6.685992864173229,332b696971672785,
Avicennia_marina/Flowers/Avicennia_marina - 2026-07-16T144439.155.jpeg,dataset/train/Avicennia_marina/122783a119f3fea341bd66c41f8cb031a23922944350a9923e4d0c14f367c7a0.jpg,Avicennia_marina,122783a119f3fea341bd66c41f8cb031a23922944350a9923e4d0c14f367c7a0,image:122783a119f3fea341bd66c41f8cb031a23922944350a9923e4d0c14f367c7a0,500,305,50.01184487172368,6.690575787401575,332b696971672785,
unknown/unclassified/papaya/derived/unknown_commons_papaya_1190667_56f68716de_blur6.jpg,dataset/train/unknown/47a4c3cee22ff7c8ab5597351dad8d4d968099862ef9260750aee492e8dda5b3.jpg,unknown,47a4c3cee22ff7c8ab5597351dad8d4d968099862ef9260750aee492e8dda5b3,commons:1190667,960,1296,49.736133458026,4.119217519685039,3371f253d7efcfcb,
unknown/unclassified/papaya/unknown_commons_papaya_1190667_56f68716de.jpg,dataset/train/unknown/c127a20dd03779c024c8eb4735f8bffc112d0166d2c083416f77edf7e6bdf3ac.jpg,unknown,c127a20dd03779c024c8eb4735f8bffc112d0166d2c083416f77edf7e6bdf3ac,commons:1190667,960,1296,53.45880311281079,11.217765748031496,3371f253d7efcfcb,
Rhizophora_stylosa/Leaves/IMG_20260718_075135_1.jpg,dataset/train/Rhizophora_stylosa/4172cdc2a01b3b0acbefbf92607fae7b43392f54d2187234404a1393c56d9a46.jpg,Rhizophora_stylosa,4172cdc2a01b3b0acbefbf92607fae7b43392f54d2187234404a1393c56d9a46,image:4172cdc2a01b3b0acbefbf92607fae7b43392f54d2187234404a1393c56d9a46,3048,4064,44.35344660578607,22.272084153543304,3436b42585a32d69,
Rhizophora_stylosa/Roots/IMG_20260718_075135.jpg,dataset/train/Rhizophora_stylosa/059192ad9b7a8dbed7aa698e4205a56e3e27b332a68601e75bf8d1ca16574e27.jpg,Rhizophora_stylosa,059192ad9b7a8dbed7aa698e4205a56e3e27b332a68601e75bf8d1ca16574e27,image:059192ad9b7a8dbed7aa698e4205a56e3e27b332a68601e75bf8d1ca16574e27,3048,4064,44.559061770465526,22.103992372047244,3436b42585a32d69,
Sonneratia_alba/Bark/IMG_20260718_075834_1.jpg,dataset/train/Sonneratia_alba/5c3c13cd16f91f686201e6b20671dfb25225bf22fc5f23b37d262a7f1f897933.jpg,Sonneratia_alba,5c3c13cd16f91f686201e6b20671dfb25225bf22fc5f23b37d262a7f1f897933,image:5c3c13cd16f91f686201e6b20671dfb25225bf22fc5f23b37d262a7f1f897933,3048,4064,60.75094821808898,26.199741633858267,363c7c6cecc9c8c8,
Sonneratia_alba/Leaves/IMG_20260718_075835.jpg,dataset/train/Sonneratia_alba/a423e6104d692e8ae7e18268556570f0cc8728cb4a0fa6f29db10a84657f62be.jpg,Sonneratia_alba,a423e6104d692e8ae7e18268556570f0cc8728cb4a0fa6f29db10a84657f62be,image:a423e6104d692e8ae7e18268556570f0cc8728cb4a0fa6f29db10a84657f62be,3048,4064,60.739621646449564,26.23545152559055,363c7c6cecc9c8c8,
Rhizophora_mucronata/flowers/imgi_284_large.jpg,dataset/train/Rhizophora_mucronata/27573489f27e82bcec248b28e1893a7559e89c15592fcf98a04d7bddedf1c397.jpg,Rhizophora_mucronata,27573489f27e82bcec248b28e1893a7559e89c15592fcf98a04d7bddedf1c397,image:27573489f27e82bcec248b28e1893a7559e89c15592fcf98a04d7bddedf1c397,782,531,33.07570889292251,4.257935531496063,38d8e4dc1ce2e4e6,
Rhizophora_mucronata/flowers/imgi_285_original.jpg,dataset/train/Rhizophora_mucronata/9eb763211999b1db8cfc601ca2cf7fcd205c1f53664d36a001abf9fa120899c4.jpg,Rhizophora_mucronata,9eb763211999b1db8cfc601ca2cf7fcd205c1f53664d36a001abf9fa120899c4,image:9eb763211999b1db8cfc601ca2cf7fcd205c1f53664d36a001abf9fa120899c4,782,531,33.074004810659986,4.257351131889764,38d8e4dc1ce2e4e6,
Excoecaria_agallocha/flowers/Rhizophora sstylosa (97).jpeg,dataset/train/Excoecaria_agallocha/97636f1f01536a72c38c8de20e38a806794ddeb5df513f6cb98cd37e32c6062e.jpg,Excoecaria_agallocha,97636f1f01536a72c38c8de20e38a806794ddeb5df513f6cb98cd37e32c6062e,image:97636f1f01536a72c38c8de20e38a806794ddeb5df513f6cb98cd37e32c6062e,500,351,40.571445809939675,6.629705954724409,3b70f0c1b82a6a69,
Excoecaria_agallocha/flowers/Rhizophora sstylosa (9).jpeg,dataset/train/Excoecaria_agallocha/4c43e919f8456c67fe456f51afa72f73c1660053766ad9898f1b2b547830409f.jpg,Excoecaria_agallocha,4c43e919f8456c67fe456f51afa72f73c1660053766ad9898f1b2b547830409f,image:4c43e919f8456c67fe456f51afa72f73c1660053766ad9898f1b2b547830409f,1024,719,40.558486904351476,6.619217519685039,3b70f0c1b82a6a69,
Scyphiphora_hydrophylacea/Flowers/imgi_145_medium.jpg,dataset/train/Scyphiphora_hydrophylacea/70027ca2ac4c1329c1dc4fdf19486ac25bc55c719773d808cc212360e369d785.jpg,Scyphiphora_hydrophylacea,70027ca2ac4c1329c1dc4fdf19486ac25bc55c719773d808cc212360e369d785,image:70027ca2ac4c1329c1dc4fdf19486ac25bc55c719773d808cc212360e369d785,500,375,51.845472308356605,11.486128198818896,3c23e4a1c166ed4d,
Scyphiphora_hydrophylacea/Flowers/gbif_5167804806_0_d988a52186.jpg,dataset/train/Scyphiphora_hydrophylacea/10f63842a800c3ef7edf87272a32d49bf7e31ee166a2cbacf37763daaee1c755.jpg,Scyphiphora_hydrophylacea,10f63842a800c3ef7edf87272a32d49bf7e31ee166a2cbacf37763daaee1c755,gbif:5167804806,2048,1536,51.87168356534043,11.476162647637796,3c23e4a1c166ed4d,
Nypa_fruticans/Flowers/imgi_247_original.jpg,dataset/train/Nypa_fruticans/5f1998ad36ec624864c50eb0cad9686b81d0cd6f615ea90cd08ce7ab70b3a8dd.jpg,Nypa_fruticans,5f1998ad36ec624864c50eb0cad9686b81d0cd6f615ea90cd08ce7ab70b3a8dd,image:5f1998ad36ec624864c50eb0cad9686b81d0cd6f615ea90cd08ce7ab70b3a8dd,2048,1536,58.84322052604476,25.50962721456693,3d0e63cbc70e3949,
Nypa_fruticans/Flowers/imgi_245_medium.jpg,dataset/train/Nypa_fruticans/576eaf5617a0b018467783f27c62d6ca470605d8c8a1b8dade7de21557d13f4c.jpg,Nypa_fruticans,576eaf5617a0b018467783f27c62d6ca470605d8c8a1b8dade7de21557d13f4c,image:576eaf5617a0b018467783f27c62d6ca470605d8c8a1b8dade7de21557d13f4c,500,375,58.8035741497344,25.52316067913386,3d0e63cbc70e3949,
Nypa_fruticans/Flowers/imgi_244_small.jpg,dataset/train/Nypa_fruticans/ce86bc5ffee4826da40930f4312639b2b77aafadacae08a95c51746959424d57.jpg,Nypa_fruticans,ce86bc5ffee4826da40930f4312639b2b77aafadacae08a95c51746959424d57,image:ce86bc5ffee4826da40930f4312639b2b77aafadacae08a95c51746959424d57,240,180,58.85179842659566,25.702233021653544,3d0e63cbc70e3949,small_image
Bruguiera_sexangula/Flowers/gbif_5936114569_2_fbada591d9.jpg,dataset/train/Bruguiera_sexangula/f3fdf3e7f3ac18bb05c11f1d76429e96b2757db8b0fb51bd1214d22808c5378e.jpg,Bruguiera_sexangula,f3fdf3e7f3ac18bb05c11f1d76429e96b2757db8b0fb51bd1214d22808c5378e,gbif:5936114569,768,1024,41.14678398486251,14.79324557086614,3ed5f6686562c6a6,
Bruguiera_gymnorrhiza/Leaves/Bruguiera - 2026-07-16T153232.557.jpeg,dataset/train/Bruguiera_gymnorrhiza/93a3fc7324e4aa98c7294eace779f7305387d763adab3795abdac4600a13dbc6.jpg,Bruguiera_gymnorrhiza,93a3fc7324e4aa98c7294eace779f7305387d763adab3795abdac4600a13dbc6,image:93a3fc7324e4aa98c7294eace779f7305387d763adab3795abdac4600a13dbc6,375,500,41.1668941423789,14.839905265748031,3ed5f6686562c6a6,
Bruguiera_sexangula/Flowers/gbif_5936114569_0_788fb61b96.jpg,dataset/train/Bruguiera_sexangula/ec52f93c006f3d23a90fae9fa2a5ebc25d58ea96c66d6ad3d62cb4a37e5584c6.jpg,Bruguiera_sexangula,ec52f93c006f3d23a90fae9fa2a5ebc25d58ea96c66d6ad3d62cb4a37e5584c6,gbif:5936114569,1536,2048,41.14211024632451,14.79173843503937,3ed5f6686562c6a6,
Rhizophora_stylosa/Roots/IMG_20260718_075059_1.jpg,dataset/train/Rhizophora_stylosa/03c4fc1ac6327a84645c4f0824e58b777350bd17e86f56f947f0e6489aba8c0d.jpg,Rhizophora_stylosa,03c4fc1ac6327a84645c4f0824e58b777350bd17e86f56f947f0e6489aba8c0d,image:03c4fc1ac6327a84645c4f0824e58b777350bd17e86f56f947f0e6489aba8c0d,3000,4000,41.458179673587246,23.323788139763778,4072f6d21621a531,
Rhizophora_stylosa/Bark/IMG_20260718_075100.jpg,dataset/train/Rhizophora_stylosa/34d506ebd0533093a960f59d909c8e1555427d4ddd641830c8abf478c6503baf.jpg,Rhizophora_stylosa,34d506ebd0533093a960f59d909c8e1555427d4ddd641830c8abf478c6503baf,image:34d506ebd0533093a960f59d909c8e1555427d4ddd641830c8abf478c6503baf,3000,4000,41.43930013727892,23.411540354330707,4072f6d21621a531,
Avicennia_rumphiana/leaves/IMG_20260922_134931_Burst04.jpg,dataset/train/Avicennia_rumphiana/f119f85f69cacbaf40ba01513bf1dd6c8dab034991c712d65daff47291554090.jpg,Avicennia_rumphiana,f119f85f69cacbaf40ba01513bf1dd6c8dab034991c712d65daff47291554090,image:f119f85f69cacbaf40ba01513bf1dd6c8dab034991c712d65daff47291554090,3060,4080,48.91801957377805,14.957923228346456,4342060c0ecbcc6e,
Avicennia_rumphiana/leaves/IMG_20260922_134931_Burst05.jpg,dataset/train/Avicennia_rumphiana/3c90f7813d57e74431cf482f2f87540bd647a706ef37f4c13b37f84b7a1960e8.jpg,Avicennia_rumphiana,3c90f7813d57e74431cf482f2f87540bd647a706ef37f4c13b37f84b7a1960e8,image:3c90f7813d57e74431cf482f2f87540bd647a706ef37f4c13b37f84b7a1960e8,3060,4080,49.11639351944057,14.909110482283463,4342060c0ecbcc6e,
Avicennia_rumphiana/leaves/IMG_20260922_134931_Burst06.jpg,dataset/train/Avicennia_rumphiana/71db390c905eb586f2f7ea35333ae41ae9d77dfb54f283f1695ae77678826219.jpg,Avicennia_rumphiana,71db390c905eb586f2f7ea35333ae41ae9d77dfb54f283f1695ae77678826219,image:71db390c905eb586f2f7ea35333ae41ae9d77dfb54f283f1695ae77678826219,3060,4080,49.32359293372021,14.944359005905511,4342060c0ecbcc6e,
Avicennia_rumphiana/leaves/IMG_20260922_134931_Burst07.jpg,dataset/train/Avicennia_rumphiana/c92b1d2124bdb9e56fca6c8a1452aa6ac457d1b86d45b469f264a7ae5deebcb9.jpg,Avicennia_rumphiana,c92b1d2124bdb9e56fca6c8a1452aa6ac457d1b86d45b469f264a7ae5deebcb9,image:c92b1d2124bdb9e56fca6c8a1452aa6ac457d1b86d45b469f264a7ae5deebcb9,3060,4080,49.39737797894503,15.047244094488189,4342060c0ecbcc6e,
Avicennia_rumphiana/leaves/IMG_20260922_134931_Burst01.jpg,dataset/train/Avicennia_rumphiana/784dcdd1bba6323d6568929d85adb6162f778e08a3ec0fe784feb077cccb0f6c.jpg,Avicennia_rumphiana,784dcdd1bba6323d6568929d85adb6162f778e08a3ec0fe784feb077cccb0f6c,image:784dcdd1bba6323d6568929d85adb6162f778e08a3ec0fe784feb077cccb0f6c,3060,4080,49.2404249950655,15.046782726377952,4342060c0ecbcc6e,
Avicennia_rumphiana/leaves/IMG_20260922_134931_Burst02.jpg,dataset/train/Avicennia_rumphiana/9dc23f2280efccb6e8a2f6139163b79cb24e5b5d6be346a416f9c9a8d1079fd4.jpg,Avicennia_rumphiana,9dc23f2280efccb6e8a2f6139163b79cb24e5b5d6be346a416f9c9a8d1079fd4,image:9dc23f2280efccb6e8a2f6139163b79cb24e5b5d6be346a416f9c9a8d1079fd4,3060,4080,49.04917582944352,14.965335875984252,4342060c0ecbcc6e,
Bruguiera_gymnorrhiza/Flowers/Bruguiera (10).jpeg,dataset/train/Bruguiera_gymnorrhiza/cde2739c899ab75ec5c5e4b822e2f665361ef22cff33662d37183319da0eaf8c.jpg,Bruguiera_gymnorrhiza,cde2739c899ab75ec5c5e4b822e2f665361ef22cff33662d37183319da0eaf8c,image:cde2739c899ab75ec5c5e4b822e2f665361ef22cff33662d37183319da0eaf8c,768,1024,48.12882706671474,17.685008612204726,4663333b73d79377,
Bruguiera_gymnorrhiza/Flowers/Bruguiera - 2026-07-16T153255.139.jpeg,dataset/train/Bruguiera_gymnorrhiza/493604ae2d6a833c0d4c1e053ebfce8256598f621fbf9defe2a3ad29838358df.jpg,Bruguiera_gymnorrhiza,493604ae2d6a833c0d4c1e053ebfce8256598f621fbf9defe2a3ad29838358df,image:493604ae2d6a833c0d4c1e053ebfce8256598f621fbf9defe2a3ad29838358df,180,240,48.17379310025888,17.884288877952756,4663333b73d79377,small_image
Avicennia_rumphiana/leaves/IMG_20260718_083226_1.jpg,dataset/train/Avicennia_rumphiana/40781a7fd8e3f39548bd38f3ecaff48d9b526cb8b8d9996dd3f50ea14df3634a.jpg,Avicennia_rumphiana,40781a7fd8e3f39548bd38f3ecaff48d9b526cb8b8d9996dd3f50ea14df3634a,image:40781a7fd8e3f39548bd38f3ecaff48d9b526cb8b8d9996dd3f50ea14df3634a,3048,4064,41.37715420038246,21.520146407480315,4c0c5a4d9de5674d,
Avicennia_rumphiana/bark/IMG_20260718_083227.jpg,dataset/train/Avicennia_rumphiana/82c2100bad9661ba62dd5c99bfbbb3662a9b7db6426e062c373ead302a0d9e53.jpg,Avicennia_rumphiana,82c2100bad9661ba62dd5c99bfbbb3662a9b7db6426e062c373ead302a0d9e53,image:82c2100bad9661ba62dd5c99bfbbb3662a9b7db6426e062c373ead302a0d9e53,3048,4064,41.61388297376895,21.64508489173228,4c0c5a4d9de5674d,
Nypa_fruticans/Leaves/imgi_275_large.jpg,dataset/train/Nypa_fruticans/010746319b17d21fa28988cd346c8815feb025b7bc0e1a4ec1de586bf3b0a8e5.jpg,Nypa_fruticans,010746319b17d21fa28988cd346c8815feb025b7bc0e1a4ec1de586bf3b0a8e5,image:010746319b17d21fa28988cd346c8815feb025b7bc0e1a4ec1de586bf3b0a8e5,1024,683,46.712362727854675,13.194543553149607,4ccadbcdd8cdf5ed,
Nypa_fruticans/Leaves/imgi_276_original.jpg,dataset/train/Nypa_fruticans/fa96e7380c6b36651dd7ffec0360922333af8a9a4a79be11356818fec4b25c0b.jpg,Nypa_fruticans,fa96e7380c6b36651dd7ffec0360922333af8a9a4a79be11356818fec4b25c0b,image:fa96e7380c6b36651dd7ffec0360922333af8a9a4a79be11356818fec4b25c0b,2048,1365,46.74723059210715,13.206139271653544,4ccadbcdd8cdf5ed,
Nypa_fruticans/Leaves/imgi_274_medium.jpg,dataset/train/Nypa_fruticans/0890668f37310b3ee95a6debe0ba4102a29e6b0c123ce321321fc915e7935f4e.jpg,Nypa_fruticans,0890668f37310b3ee95a6debe0ba4102a29e6b0c123ce321321fc915e7935f4e,image:0890668f37310b3ee95a6debe0ba4102a29e6b0c123ce321321fc915e7935f4e,500,333,46.73090861237124,13.244094488188978,4ccadbcdd8cdf5ed,
Nypa_fruticans/Leaves/imgi_269_medium.jpg,dataset/train/Nypa_fruticans/8de852d9030909b9e475bb864b903b8cc5a1efb5eccf0cef76a0568475c7da25.jpg,Nypa_fruticans,8de852d9030909b9e475bb864b903b8cc5a1efb5eccf0cef76a0568475c7da25,image:8de852d9030909b9e475bb864b903b8cc5a1efb5eccf0cef76a0568475c7da25,500,333,30.587751877951547,13.367802657480315,4e5ea361259f9323,
Nypa_fruticans/Leaves/imgi_271_original.jpg,dataset/train/Nypa_fruticans/783b2e1a7482feed8615c5688003a801a27c4a795eb71b53a86f52c07d0a30b1.jpg,Nypa_fruticans,783b2e1a7482feed8615c5688003a801a27c4a795eb71b53a86f52c07d0a30b1,image:783b2e1a7482feed8615c5688003a801a27c4a795eb71b53a86f52c07d0a30b1,2048,1365,30.578627426722864,13.325172244094489,4e5ea361259f9323,
Nypa_fruticans/Leaves/imgi_270_large.jpg,dataset/train/Nypa_fruticans/0f94b50a375ea5f17c06ebb63473553c862199e396530fb6e1e585e117ab6c63.jpg,Nypa_fruticans,0f94b50a375ea5f17c06ebb63473553c862199e396530fb6e1e585e117ab6c63,image:0f94b50a375ea5f17c06ebb63473553c862199e396530fb6e1e585e117ab6c63,1024,683,30.574130687669655,13.331938976377952,4e5ea361259f9323,
Avicennia_marina/Leaves/Avicennia_marina - 2026-07-16T144428.854.jpeg,dataset/train/Avicennia_marina/af55e91daf2d90de7b5eeaacb54c09ce20aa00265f8f8cce7c3ceaf109ca537c.jpg,Avicennia_marina,af55e91daf2d90de7b5eeaacb54c09ce20aa00265f8f8cce7c3ceaf109ca537c,image:af55e91daf2d90de7b5eeaacb54c09ce20aa00265f8f8cce7c3ceaf109ca537c,500,361,63.399357344346896,12.645484744094489,53d1e3e6e6f47898,
Avicennia_rumphiana/flowers/imgi_116_medium.jpg,dataset/train/Avicennia_rumphiana/2e94cd8b271e43e630c4b63763eab43e7327e0c2fe3e7f3c524bc20d32720621.jpg,Avicennia_rumphiana,2e94cd8b271e43e630c4b63763eab43e7327e0c2fe3e7f3c524bc20d32720621,image:2e94cd8b271e43e630c4b63763eab43e7327e0c2fe3e7f3c524bc20d32720621,500,361,63.4211627282781,12.650067667322833,53d1e3e6e6f47898,
Avicennia_marina/Bark/IMG_20260718_072522.jpg,dataset/train/Avicennia_marina/8848672c0966550c1004140507c4228c59e2443ef4dc8f34ee189af437c87104.jpg,Avicennia_marina,8848672c0966550c1004140507c4228c59e2443ef4dc8f34ee189af437c87104,image:8848672c0966550c1004140507c4228c59e2443ef4dc8f34ee189af437c87104,3048,4064,52.64320532469328,22.018639271653544,57472bdc6cc0c10d,
Avicennia_marina/Bark/IMG_20260718_072523.jpg,dataset/train/Avicennia_marina/4d62f60aa7b6843cba7b52a015dcdc440a04514d800ba7730e629bd9836e7220.jpg,Avicennia_marina,4d62f60aa7b6843cba7b52a015dcdc440a04514d800ba7730e629bd9836e7220,image:4d62f60aa7b6843cba7b52a015dcdc440a04514d800ba7730e629bd9836e7220,3048,4064,52.56995374319335,22.11857160433071,57472bdc6cc0c10d,
Bruguiera_gymnorrhiza/Flowers/Bruguiera (7).jpeg,dataset/train/Bruguiera_gymnorrhiza/91925ec06e4b479ef34e67eb34439397b4722b428fcec9976adab7017161c2ab.jpg,Bruguiera_gymnorrhiza,91925ec06e4b479ef34e67eb34439397b4722b428fcec9976adab7017161c2ab,image:91925ec06e4b479ef34e67eb34439397b4722b428fcec9976adab7017161c2ab,1024,768,28.996350208180253,4.61060531496063,58a18062e96426e7,
Bruguiera_gymnorrhiza/Flowers/Bruguiera - 2026-07-16T153254.799.jpeg,dataset/train/Bruguiera_gymnorrhiza/626e669807c2371b35e129390ce6198ff9af7df62cfed3f66b8202ef30a08281.jpg,Bruguiera_gymnorrhiza,626e669807c2371b35e129390ce6198ff9af7df62cfed3f66b8202ef30a08281,image:626e669807c2371b35e129390ce6198ff9af7df62cfed3f66b8202ef30a08281,240,180,28.993651129810374,4.686669537401574,58a18062e96426e7,small_image
Bruguiera_gymnorrhiza/Flowers/Bruguiera (8).jpeg,dataset/train/Bruguiera_gymnorrhiza/5b908a29c4781900578ff474a37093ce817283eddacb454400d969f7dea33f54.jpg,Bruguiera_gymnorrhiza,5b908a29c4781900578ff474a37093ce817283eddacb454400d969f7dea33f54,image:5b908a29c4781900578ff474a37093ce817283eddacb454400d969f7dea33f54,1024,768,28.993173107066273,4.607960137795276,58a18062e96426e7,
Sonneratia_ovata/Flowers/imgi_140_medium.jpg,dataset/train/Sonneratia_ovata/84b216e3b51a54b19f0ee7bfdaa3c1c5a662879540992bc69aed54931a63e287.jpg,Sonneratia_ovata,84b216e3b51a54b19f0ee7bfdaa3c1c5a662879540992bc69aed54931a63e287,image:84b216e3b51a54b19f0ee7bfdaa3c1c5a662879540992bc69aed54931a63e287,375,500,56.82841632299375,16.316160187007874,596355b7b1e72ed5,
Sonneratia_ovata/Flowers/gbif_4908388716_0_6f77e7dbe0.jpg,dataset/train/Sonneratia_ovata/b5ef09908d700eb2bf2b6b55518b35dca08e8e8e6fef2de8bca9d16a32181492.jpg,Sonneratia_ovata,b5ef09908d700eb2bf2b6b55518b35dca08e8e8e6fef2de8bca9d16a32181492,gbif:4908388716,1500,2000,56.99051378379626,16.3410125492126,596355b7b1e72ed5,
Bruguiera_sexangula/Flowers/imgi_70_medium.jpg,dataset/train/Bruguiera_sexangula/04d49885e5ad7ed2de4654191a5eb3791702cf947dd46aedca8534819c8b91d4.jpg,Bruguiera_sexangula,04d49885e5ad7ed2de4654191a5eb3791702cf947dd46aedca8534819c8b91d4,image:04d49885e5ad7ed2de4654191a5eb3791702cf947dd46aedca8534819c8b91d4,500,375,39.731316309936645,12.359528789370078,5a4c465aa553d9d8,
Bruguiera_sexangula/Flowers/gbif_5168134821_0_c0876d69f7.jpg,dataset/train/Bruguiera_sexangula/7ecbb07874b5b1ab514d683c592926bed595339e36c66b26ab8eda4a182dd54d.jpg,Bruguiera_sexangula,7ecbb07874b5b1ab514d683c592926bed595339e36c66b26ab8eda4a182dd54d,gbif:5168134821,2048,1536,39.72120943861423,12.333077017716537,5a4c465aa553d9d8,
Bruguiera_sexangula/Flowers/gbif_4606603025_3_ddb52f0d72.jpg,dataset/train/Bruguiera_sexangula/22a089681c36e9a774083893e117bb49f12173f48ad63088c770138378ba4493.jpg,Bruguiera_sexangula,22a089681c36e9a774083893e117bb49f12173f48ad63088c770138378ba4493,gbif:4606603025,1024,1024,60.508828990689956,11.885796013779528,611140601c1c9284,
Bruguiera_sexangula/Flowers/commons_79773262_7f8eec1072.jpg,dataset/train/Bruguiera_sexangula/de5eabb7070754cc9b719f27c5633d01b756f0ac063aaede4bc52b058db7605b.jpg,Bruguiera_sexangula,de5eabb7070754cc9b719f27c5633d01b756f0ac063aaede4bc52b058db7605b,commons:79773262,960,960,60.56434431748724,11.9765625,611140601c1c9284,
Avicennia_officinalis/Leaves/imgi_113_medium.jpg,dataset/train/Avicennia_officinalis/9745c892ddd7d13bfc4e79db25ebb09a592c716dca216c4d24bfdbb2d0ddfd1d.jpg,Avicennia_officinalis,9745c892ddd7d13bfc4e79db25ebb09a592c716dca216c4d24bfdbb2d0ddfd1d,image:9745c892ddd7d13bfc4e79db25ebb09a592c716dca216c4d24bfdbb2d0ddfd1d,375,500,47.41105868553299,16.95189468503937,61c69a10584c69dd,
Avicennia_officinalis/Flowers/gbif_6235210748_0_0063fedd8f.jpg,dataset/train/Avicennia_officinalis/f72f106d9e0d8daecad90e0afeb3c98b36532dedd2e5050e477e49f0eba2556b.jpg,Avicennia_officinalis,f72f106d9e0d8daecad90e0afeb3c98b36532dedd2e5050e477e49f0eba2556b,gbif:6235210748,1536,2048,47.42919278629067,16.92824187992126,61c69a10584c69dd,
Rhizophora_apiculata/bark/IMG_20260718_075348.jpg,dataset/train/Rhizophora_apiculata/0e38fe919b53e856d7d97e0cca7f68ed24388828ebdc7efb141e0efcc0303cce.jpg,Rhizophora_apiculata,0e38fe919b53e856d7d97e0cca7f68ed24388828ebdc7efb141e0efcc0303cce,image:0e38fe919b53e856d7d97e0cca7f68ed24388828ebdc7efb141e0efcc0303cce,3048,4064,47.470824150334536,18.455770177165356,63139133c6b6a7e6,
Rhizophora_apiculata/bark/IMG_20260718_075348_1.jpg,dataset/train/Rhizophora_apiculata/00acfb63e7aceadb22ffe8c9ec45358046b09a3c43cc73586f8f283739d7d615.jpg,Rhizophora_apiculata,00acfb63e7aceadb22ffe8c9ec45358046b09a3c43cc73586f8f283739d7d615,image:00acfb63e7aceadb22ffe8c9ec45358046b09a3c43cc73586f8f283739d7d615,3048,4064,47.480955913842344,18.574095718503937,63139133c6b6a7e6,
Ceriops_tagal/flowers/Ceriops (2).jpeg,dataset/train/Ceriops_tagal/9e903a29144b76439ffcbd4f674212ba6b12c38731767c5fe2e38912fae6d380.jpg,Ceriops_tagal,9e903a29144b76439ffcbd4f674212ba6b12c38731767c5fe2e38912fae6d380,image:9e903a29144b76439ffcbd4f674212ba6b12c38731767c5fe2e38912fae6d380,1536,2048,47.096210417995245,13.364757627952756,634ec806e4b0b691,
Ceriops_tagal/flowers/Ceriops (7).jpeg,dataset/train/Ceriops_tagal/02b4c9df58e8274ca35aedda714cb5b9851cfa8b3037f85882c2295b9cf79ab1.jpg,Ceriops_tagal,02b4c9df58e8274ca35aedda714cb5b9851cfa8b3037f85882c2295b9cf79ab1,image:02b4c9df58e8274ca35aedda714cb5b9851cfa8b3037f85882c2295b9cf79ab1,768,1024,47.088047664150565,13.363373523622048,634ec806e4b0b691,
Ceriops_tagal/flowers/Ceriops - 2026-07-16T160619.092.jpeg,dataset/train/Ceriops_tagal/f2f5c0486e00139e861debd815351422d71b7bf2400307e7325e6f9ab0adb512.jpg,Ceriops_tagal,f2f5c0486e00139e861debd815351422d71b7bf2400307e7325e6f9ab0adb512,image:f2f5c0486e00139e861debd815351422d71b7bf2400307e7325e6f9ab0adb512,375,500,47.069681334003405,13.368264025590552,634ec806e4b0b691,
Excoecaria_agallocha/flowers/Rhizophora sstylosa (7).jpeg,dataset/train/Excoecaria_agallocha/a0b52dcd13a23837d6a4326e6eb1d56c86c18436e722b288474f017d40d537e5.jpg,Excoecaria_agallocha,a0b52dcd13a23837d6a4326e6eb1d56c86c18436e722b288474f017d40d537e5,image:a0b52dcd13a23837d6a4326e6eb1d56c86c18436e722b288474f017d40d537e5,1024,768,44.54180517715873,5.920706200787402,66c2e2b0925d5db9,
Excoecaria_agallocha/leaves/Rhizophora sstylosa (15).jpeg,dataset/train/Excoecaria_agallocha/bb544a8940ad6f75333c1ca96d659228521f877561d0108e02bd1df6b2982f3e.jpg,Excoecaria_agallocha,bb544a8940ad6f75333c1ca96d659228521f877561d0108e02bd1df6b2982f3e,image:bb544a8940ad6f75333c1ca96d659228521f877561d0108e02bd1df6b2982f3e,500,375,44.52550662564789,5.927349901574803,66c2e2b0925d5db9,
Excoecaria_agallocha/flowers/Rhizophora sstylosa (6).jpeg,dataset/train/Excoecaria_agallocha/60f6e7228da3e261c0cceeaa000a8ba046de13cefc4c8ed59c1c03be1e2a9307.jpg,Excoecaria_agallocha,60f6e7228da3e261c0cceeaa000a8ba046de13cefc4c8ed59c1c03be1e2a9307,image:60f6e7228da3e261c0cceeaa000a8ba046de13cefc4c8ed59c1c03be1e2a9307,1024,768,44.546083995228145,5.923351377952756,66c2e2b0925d5db9,
Ceriops_tagal/flowers/Ceriops (8).jpeg,dataset/train/Ceriops_tagal/a615412162ecfcb1879a495af4b9465a373d6e1641088e8073ffaa06c1980a42.jpg,Ceriops_tagal,a615412162ecfcb1879a495af4b9465a373d6e1641088e8073ffaa06c1980a42,image:a615412162ecfcb1879a495af4b9465a373d6e1641088e8073ffaa06c1980a42,1024,683,67.21044707604338,7.901021161417322,686060c1c1c3c6ee,
Ceriops_tagal/flowers/Ceriops - 2026-07-16T160646.041.jpeg,dataset/train/Ceriops_tagal/5c32c9c3b0e8945fabfd6d4a590ee4a96b058c9fd436afa086b3bf33e444f680.jpg,Ceriops_tagal,5c32c9c3b0e8945fabfd6d4a590ee4a96b058c9fd436afa086b3bf33e444f680,image:5c32c9c3b0e8945fabfd6d4a590ee4a96b058c9fd436afa086b3bf33e444f680,240,160,67.13306703608592,7.955462598425197,686060c1c1c3c6ee,small_image
Bruguiera_cylindrica/Leaves/imgi_120_medium.jpg,dataset/train/Bruguiera_cylindrica/efcf5fd744049ff5618a788aa67761d31a335c4bfa60da13c45b5c3ff87cc672.jpg,Bruguiera_cylindrica,efcf5fd744049ff5618a788aa67761d31a335c4bfa60da13c45b5c3ff87cc672,image:efcf5fd744049ff5618a788aa67761d31a335c4bfa60da13c45b5c3ff87cc672,500,375,45.89722881393582,13.502614419291339,692ec4181e18b5ad,
Bruguiera_cylindrica/Flowers/gbif_6162951702_0_fa2d23e42b.jpg,dataset/train/Bruguiera_cylindrica/fc9dc78424ddaeccd6a3eca06d47c1abe27a5b52971ad7d73a26b12fcd0f7e3b.jpg,Bruguiera_cylindrica,fc9dc78424ddaeccd6a3eca06d47c1abe27a5b52971ad7d73a26b12fcd0f7e3b,gbif:6162951702,2048,1536,45.924443674713736,13.493479330708661,692ec4181e18b5ad,
Rhizophora_apiculata/leaves/IMG_20260718_075340.jpg,dataset/train/Rhizophora_apiculata/b69d2be5fab0e4e17dc5bbf868ec9c90ca255946c883728f08cfe5d2358d9b2d.jpg,Rhizophora_apiculata,b69d2be5fab0e4e17dc5bbf868ec9c90ca255946c883728f08cfe5d2358d9b2d,image:b69d2be5fab0e4e17dc5bbf868ec9c90ca255946c883728f08cfe5d2358d9b2d,3048,4064,43.220104283024035,20.782172736220474,6963b839a4a79a9e,
Rhizophora_apiculata/leaves/IMG_20260718_075341.jpg,dataset/train/Rhizophora_apiculata/6bb913a9c91ff54dd5428efdb3051229467ad504d517e72384b0518a8e970b1b.jpg,Rhizophora_apiculata,6bb913a9c91ff54dd5428efdb3051229467ad504d517e72384b0518a8e970b1b,image:6bb913a9c91ff54dd5428efdb3051229467ad504d517e72384b0518a8e970b1b,3048,4064,42.97789966737342,20.612973671259844,6963b839a4a79a9e,
Ceriops_tagal/bark/Ceriops - 2026-07-16T160613.453.jpeg,dataset/train/Ceriops_tagal/81ca7ae4219f9c637e492d22452f571fba1b43675c692bd16add5e7b2ceb9abb.jpg,Ceriops_tagal,81ca7ae4219f9c637e492d22452f571fba1b43675c692bd16add5e7b2ceb9abb,image:81ca7ae4219f9c637e492d22452f571fba1b43675c692bd16add5e7b2ceb9abb,375,500,44.46082733397375,17.017285925196852,69a72da5d1c14693,
Ceriops_tagal/bark/Ceriops (5).jpeg,dataset/train/Ceriops_tagal/798b627dddaec532c81602199c711176618455be63f7ea4fdb1ee41ef319f7f4.jpg,Ceriops_tagal,798b627dddaec532c81602199c711176618455be63f7ea4fdb1ee41ef319f7f4,image:798b627dddaec532c81602199c711176618455be63f7ea4fdb1ee41ef319f7f4,768,1024,44.47529456044819,16.982621801181104,69a72da5d1c14693,
Ceriops_zippeliana/Leaves/IMG_20260922_133915_Burst05.jpg,dataset/train/Ceriops_zippeliana/5658ccb0d32393c6e2c07510fc41a6e878f77afcf6ef0f53310f378a9e3bfb63.jpg,Ceriops_zippeliana,5658ccb0d32393c6e2c07510fc41a6e878f77afcf6ef0f53310f378a9e3bfb63,image:5658ccb0d32393c6e2c07510fc41a6e878f77afcf6ef0f53310f378a9e3bfb63,3060,4080,54.66217349546138,24.394346702755904,6ad31bf5d9a15446,
Ceriops_zippeliana/Leaves/IMG_20260922_133915_Burst06.jpg,dataset/train/Ceriops_zippeliana/2ecbebdc908c7122fb689f62306286d5ed42cfcf467dea61177157f28e79833f.jpg,Ceriops_zippeliana,2ecbebdc908c7122fb689f62306286d5ed42cfcf467dea61177157f28e79833f,image:2ecbebdc908c7122fb689f62306286d5ed42cfcf467dea61177157f28e79833f,3060,4080,54.581361662644426,24.36847933070866,6ad31bf5d9a15446,
Bruguiera_sexangula/Flowers/imgi_130_medium.jpg,dataset/train/Bruguiera_sexangula/27427c11c27e46679c7eb0d00944015782db024aea718b00f065a3ef8e9c1d70.jpg,Bruguiera_sexangula,27427c11c27e46679c7eb0d00944015782db024aea718b00f065a3ef8e9c1d70,image:27427c11c27e46679c7eb0d00944015782db024aea718b00f065a3ef8e9c1d70,375,500,44.64728602157723,11.53038877952756,6b2be32066e9b4cc,
Bruguiera_sexangula/Flowers/gbif_4936301198_0_c4b2ae628c.jpg,dataset/train/Bruguiera_sexangula/d1b79b8f2e4d0a4be1cce15aa18bbaaaace68e0a5cdf308787a4eb6a46ecf71f.jpg,Bruguiera_sexangula,d1b79b8f2e4d0a4be1cce15aa18bbaaaace68e0a5cdf308787a4eb6a46ecf71f,gbif:4936301198,1536,2048,44.657734445773166,11.506551427165354,6b2be32066e9b4cc,
Avicennia_officinalis/bark/IMG_20260922_132217_Burst03.jpg,dataset/train/Avicennia_officinalis/cb4e2962bcfa0c4ddfa57350e35f4f66601c92c77c8c4777d8854de41f102f17.jpg,Avicennia_officinalis,cb4e2962bcfa0c4ddfa57350e35f4f66601c92c77c8c4777d8854de41f102f17,image:cb4e2962bcfa0c4ddfa57350e35f4f66601c92c77c8c4777d8854de41f102f17,3060,4080,48.672816309659055,15.321296751968504,6c2c3cdcc7810221,
Avicennia_officinalis/bark/IMG_20260922_132217_Burst02.jpg,dataset/train/Avicennia_officinalis/6cb08ac445f60ba78ccf547ef9bf339e54e31bdbcfe1a5cba394c0b47a721f21.jpg,Avicennia_officinalis,6cb08ac445f60ba78ccf547ef9bf339e54e31bdbcfe1a5cba394c0b47a721f21,image:6cb08ac445f60ba78ccf547ef9bf339e54e31bdbcfe1a5cba394c0b47a721f21,3060,4080,48.66646602844124,15.275559793307087,6c2c3cdcc7810221,
Lumnitzera_littorea/Leaves/gbif_6147203657_0_5a6db9ede7.jpg,dataset/train/Lumnitzera_littorea/916f4d9a1b8c84deb678e1f317c69f1ad18507dd3e8f35148a596681cf4d188d.jpg,Lumnitzera_littorea,916f4d9a1b8c84deb678e1f317c69f1ad18507dd3e8f35148a596681cf4d188d,gbif:6147203657,1536,2048,43.868073101352344,14.305302657480315,6c64cb59848dd478,
Lumnitzera_littorea/Leaves/imgi_102_medium.jpg,dataset/train/Lumnitzera_littorea/f5da5d5b8d9c73f34e65250d6b4f589f931ea2d0c4b708cca68350081bdebcfd.jpg,Lumnitzera_littorea,f5da5d5b8d9c73f34e65250d6b4f589f931ea2d0c4b708cca68350081bdebcfd,image:f5da5d5b8d9c73f34e65250d6b4f589f931ea2d0c4b708cca68350081bdebcfd,375,500,43.86611039897852,14.323849655511811,6c64cb59848dd478,
Xylocarpus_moluccensis/Leaves/imgi_143_medium.jpg,dataset/train/Xylocarpus_moluccensis/b3e2feb26920cb9b8640d9bb6c38f3167290ee39f6906a8f724d2734d475a199.jpg,Xylocarpus_moluccensis,b3e2feb26920cb9b8640d9bb6c38f3167290ee39f6906a8f724d2734d475a199,image:b3e2feb26920cb9b8640d9bb6c38f3167290ee39f6906a8f724d2734d475a199,281,500,45.22456903948022,18.502368356299215,6c64e6ca56d2924c,
Xylocarpus_moluccensis/Leaves/imgi_142_medium.jpg,dataset/train/Xylocarpus_moluccensis/5d34d8b5aa113212d404af85679cc30a237031b75687c37ba35f9da5dd2c3f7a.jpg,Xylocarpus_moluccensis,5d34d8b5aa113212d404af85679cc30a237031b75687c37ba35f9da5dd2c3f7a,image:5d34d8b5aa113212d404af85679cc30a237031b75687c37ba35f9da5dd2c3f7a,281,500,45.2252698927099,18.501045767716533,6c64e6ca56d2924c,
Avicennia_marina/Leaves/Avicennia_marina (10).jpeg,dataset/train/Avicennia_marina/71be5fa01ada104b38938b28c40a811b2eb5a41d9db2efcb029e004e95021448.jpg,Avicennia_marina,71be5fa01ada104b38938b28c40a811b2eb5a41d9db2efcb029e004e95021448,image:71be5fa01ada104b38938b28c40a811b2eb5a41d9db2efcb029e004e95021448,1024,768,43.94012881753658,22.558716781496063,6d2b32188ed9e9cb,
Avicennia_marina/Leaves/Avicennia_marina (1).jpeg,dataset/train/Avicennia_marina/9ae39e7489845356b5eaf4a40b1997e5c8ec7a1736a4ecaf6873056c474c1a01.jpg,Avicennia_marina,9ae39e7489845356b5eaf4a40b1997e5c8ec7a1736a4ecaf6873056c474c1a01,image:9ae39e7489845356b5eaf4a40b1997e5c8ec7a1736a4ecaf6873056c474c1a01,2048,1536,44.07313869967346,22.621555118110237,6d2b32188ed9e9cb,
Sonneratia_ovata/bark/gbif_5154704318_0_c5e7a266ba.jpg,dataset/train/Sonneratia_ovata/1233624664d75dad0be90588842385c3dabebf1dd86631dd7680742e8f57358b.jpg,Sonneratia_ovata,1233624664d75dad0be90588842385c3dabebf1dd86631dd7680742e8f57358b,gbif:5154704318,1200,900,54.742286722325495,27.809916338582674,75537c588ca9b637,
Sonneratia_ovata/Flowers/imgi_138_medium.jpg,dataset/train/Sonneratia_ovata/078e4ef52e541e90efdd144e7d5ec8f5b8b7d6a3ee5f5cf93b3ba03cd3e378a7.jpg,Sonneratia_ovata,078e4ef52e541e90efdd144e7d5ec8f5b8b7d6a3ee5f5cf93b3ba03cd3e378a7,image:078e4ef52e541e90efdd144e7d5ec8f5b8b7d6a3ee5f5cf93b3ba03cd3e378a7,500,375,54.692528600526536,27.828617125984252,75537c588ca9b637,
Excoecaria_agallocha/leaves/Rhizophora sstylosa (1).jpeg,dataset/train/Excoecaria_agallocha/3d8482bfc7ddc24e51f2e95d731e06a37a02fa9f79ed3907087a00a5ad51e276.jpg,Excoecaria_agallocha,3d8482bfc7ddc24e51f2e95d731e06a37a02fa9f79ed3907087a00a5ad51e276,image:3d8482bfc7ddc24e51f2e95d731e06a37a02fa9f79ed3907087a00a5ad51e276,2000,1500,56.74314752822555,18.05318036417323,7858188eb232c226,
Excoecaria_agallocha/leaves/Rhizophora sstylosa (14).jpeg,dataset/train/Excoecaria_agallocha/e54a2e2735acef8a2c72e285883dad54099a4991d96310d019d8fc9ea3449ce8.jpg,Excoecaria_agallocha,e54a2e2735acef8a2c72e285883dad54099a4991d96310d019d8fc9ea3449ce8,image:e54a2e2735acef8a2c72e285883dad54099a4991d96310d019d8fc9ea3449ce8,500,375,56.729035033482944,18.06157726377953,7858188eb232c226,
Excoecaria_agallocha/leaves/Rhizophora sstylosa - 2026-07-19T222503.615.jpeg,dataset/train/Excoecaria_agallocha/3799a33de60917e8a6ab8e0646aef0cfdba20563f5dfe161c9b8b48429192a7d.jpg,Excoecaria_agallocha,3799a33de60917e8a6ab8e0646aef0cfdba20563f5dfe161c9b8b48429192a7d,image:3799a33de60917e8a6ab8e0646aef0cfdba20563f5dfe161c9b8b48429192a7d,240,180,56.69154594139752,18.198234498031496,7858188eb232c226,small_image
Lumnitzera_racemosa/Leaves/imgi_72_medium.jpg,dataset/train/Lumnitzera_racemosa/cb26e6364dc8d5e1713875e662c703a5197e5366a7404e883fbb4bf70af72b3a.jpg,Lumnitzera_racemosa,cb26e6364dc8d5e1713875e662c703a5197e5366a7404e883fbb4bf70af72b3a,image:cb26e6364dc8d5e1713875e662c703a5197e5366a7404e883fbb4bf70af72b3a,500,375,36.04630628318241,15.988988681102363,78ae1656d6ee7cdc,
Lumnitzera_racemosa/Leaves/gbif_6431758500_0_dfd254ba58.jpg,dataset/train/Lumnitzera_racemosa/f8c57dd6e6577f846a944dcd7fb6aa4fa3f8e66403e8d1d7edb3ebb5b9ef443b.jpg,Lumnitzera_racemosa,f8c57dd6e6577f846a944dcd7fb6aa4fa3f8e66403e8d1d7edb3ebb5b9ef443b,gbif:6431758500,1024,768,36.037095106063234,15.984990157480315,78ae1656d6ee7cdc,
Bruguiera_sexangula/Flowers/gbif_4852549434_0_dbc251f003.jpg,dataset/train/Bruguiera_sexangula/b3e660d58cf04e1bd77450469ca8710bc6a97042bd05260d6a319e275d9f6e67.jpg,Bruguiera_sexangula,b3e660d58cf04e1bd77450469ca8710bc6a97042bd05260d6a319e275d9f6e67,gbif:4852549434,1536,2048,45.347619003864196,17.781219242125985,78e844393606b70d,
Bruguiera_sexangula/Flowers/imgi_98_medium.jpg,dataset/train/Bruguiera_sexangula/793be8daa5fcfe65202d7f8d2a211fb1cc7db82166239e1a7703d58c9ebeb7eb.jpg,Bruguiera_sexangula,793be8daa5fcfe65202d7f8d2a211fb1cc7db82166239e1a7703d58c9ebeb7eb,image:793be8daa5fcfe65202d7f8d2a211fb1cc7db82166239e1a7703d58c9ebeb7eb,375,500,45.35335234885381,17.81280757874016,78e844393606b70d,
Avicennia_officinalis/Leaves/imgi_143_medium.jpg,dataset/train/Avicennia_officinalis/5201517a831de0217971c4141d7216c3d3d38a211dcc3f5483d28827dd5d95c0.jpg,Avicennia_officinalis,5201517a831de0217971c4141d7216c3d3d38a211dcc3f5483d28827dd5d95c0,image:5201517a831de0217971c4141d7216c3d3d38a211dcc3f5483d28827dd5d95c0,375,500,48.15969667034406,16.842981053149607,79b6b2c44cca31b6,
Avicennia_officinalis/Leaves/imgi_98_medium.jpg,dataset/train/Avicennia_officinalis/e506b512829ae090cad6ea8d92c08b61efc93f757e11434fcc16858377e65ccf.jpg,Avicennia_officinalis,e506b512829ae090cad6ea8d92c08b61efc93f757e11434fcc16858377e65ccf,image:e506b512829ae090cad6ea8d92c08b61efc93f757e11434fcc16858377e65ccf,375,500,48.17408521913432,16.84347317913386,79b6b2c44cca31b6,
Xylocarpus_granatum/Roots/imgi_131_large.jpg,dataset/train/Xylocarpus_granatum/b54553a27ed155a212f7cb75aacc0bf476f184cf61419a8135c57deed0dbee4e.jpg,Xylocarpus_granatum,b54553a27ed155a212f7cb75aacc0bf476f184cf61419a8135c57deed0dbee4e,image:b54553a27ed155a212f7cb75aacc0bf476f184cf61419a8135c57deed0dbee4e,768,1024,29.948601560749808,18.404343011811022,7b3233392defe7e7,
Xylocarpus_granatum/Bark/imgi_132_original.jpg,dataset/train/Xylocarpus_granatum/0a1a0d8ba782f78babfd0f7208aa142097495179f82e5a0041ae7eaa8f2a2823.jpg,Xylocarpus_granatum,0a1a0d8ba782f78babfd0f7208aa142097495179f82e5a0041ae7eaa8f2a2823,image:0a1a0d8ba782f78babfd0f7208aa142097495179f82e5a0041ae7eaa8f2a2823,1536,2048,29.996094204792982,18.43420890748032,7b3233392defe7e7,
Osbornia_octodonta/Leaves/gbif_6195556215_0_685340c289.jpg,dataset/train/Osbornia_octodonta/3d83eb742d15205ec1da256bb39b0f6acd601e2b00916d204d48bacf3f702f99.jpg,Osbornia_octodonta,3d83eb742d15205ec1da256bb39b0f6acd601e2b00916d204d48bacf3f702f99,gbif:6195556215,2048,1536,34.70487511994246,14.869771161417322,7b79bd73d38e2523,
Osbornia_octodonta/Leaves/imgi_85_medium.jpg,dataset/train/Osbornia_octodonta/ac2301d20112e11efbebd26c78a23d14440bade8dd4618ee4300cc5e2bdda996.jpg,Osbornia_octodonta,ac2301d20112e11efbebd26c78a23d14440bade8dd4618ee4300cc5e2bdda996,image:ac2301d20112e11efbebd26c78a23d14440bade8dd4618ee4300cc5e2bdda996,500,375,34.69752086692614,14.90148252952756,7b79bd73d38e2523,
unknown/unclassified/coconut/derived/unknown_commons_coconut_12677_643818b8e5_blur1.jpg,dataset/train/unknown/0318d22503c18ddd1cd971582d3e4de0541d0419e97fd3f069ede72aafdb155b.jpg,unknown,0318d22503c18ddd1cd971582d3e4de0541d0419e97fd3f069ede72aafdb155b,commons:12677,960,720,55.93131652222211,2.848948080708661,7c7c7c6c7cf0f4fc,low_detail_review
unknown/unclassified/coconut/unknown_commons_coconut_12677_643818b8e5.jpg,dataset/train/unknown/1a90bc702371ea6c5a7425f8913566c39ac3af5e6452872d294dcb0099b1705d.jpg,unknown,1a90bc702371ea6c5a7425f8913566c39ac3af5e6452872d294dcb0099b1705d,commons:12677,960,720,58.52552212376225,5.543430118110236,7c7c7c6c7cf0f4fc,
Sonneratia_alba/Flowers/imgi_172_medium.jpg,dataset/train/Sonneratia_alba/c4b7c53fcfa44eaa52277001d0b308f1c04eb82cdc6466478916052da8806595.jpg,Sonneratia_alba,c4b7c53fcfa44eaa52277001d0b308f1c04eb82cdc6466478916052da8806595,image:c4b7c53fcfa44eaa52277001d0b308f1c04eb82cdc6466478916052da8806595,500,375,39.26485414840349,9.503506397637796,7e7471f1f0756764,
Sonneratia_alba/Flowers/sonneratia alba (21).jpeg,dataset/train/Sonneratia_alba/14dc2ccde350d821ec62d0b1102506ee0231289fd53a05a8a7a48a0642d2d641.jpg,Sonneratia_alba,14dc2ccde350d821ec62d0b1102506ee0231289fd53a05a8a7a48a0642d2d641,image:14dc2ccde350d821ec62d0b1102506ee0231289fd53a05a8a7a48a0642d2d641,1024,768,39.25442648329465,9.479269192913385,7e7471f1f0756764,
Sonneratia_alba/Flowers/sonneratia alba (8).jpeg,dataset/train/Sonneratia_alba/19253c44421c0a2b91c34bfe2ad56fa7ca922082450f968004adefb67613d946.jpg,Sonneratia_alba,19253c44421c0a2b91c34bfe2ad56fa7ca922082450f968004adefb67613d946,image:19253c44421c0a2b91c34bfe2ad56fa7ca922082450f968004adefb67613d946,1440,1080,39.303681407161676,9.482437253937007,7e7471f1f0756764,
Sonneratia_alba/Flowers/sonneratia alba (39).jpeg,dataset/train/Sonneratia_alba/61a0d84800a14b37eaee2177a98a0fe431db7d620df2086bf0fb37aaa0eb2d8c.jpg,Sonneratia_alba,61a0d84800a14b37eaee2177a98a0fe431db7d620df2086bf0fb37aaa0eb2d8c,image:61a0d84800a14b37eaee2177a98a0fe431db7d620df2086bf0fb37aaa0eb2d8c,500,375,39.26513308996065,9.502122293307085,7e7471f1f0756764,
Sonneratia_alba/Leaves/sonneratia alba (35).jpeg,dataset/train/Sonneratia_alba/290d1f444c8c87a55a4ec8d4f66248159d5c5cbaf690e8b9cb859a7c27b3d1f4.jpg,Sonneratia_alba,290d1f444c8c87a55a4ec8d4f66248159d5c5cbaf690e8b9cb859a7c27b3d1f4,image:290d1f444c8c87a55a4ec8d4f66248159d5c5cbaf690e8b9cb859a7c27b3d1f4,500,375,44.57976280008964,16.56640625,8a6b4d43539e29e9,
Sonneratia_alba/Leaves/sonneratia alba (4).jpeg,dataset/train/Sonneratia_alba/4685e9b8b700ee74f7e82c3a3598564bf6dba73d2b8d40eafca20b0418888c28.jpg,Sonneratia_alba,4685e9b8b700ee74f7e82c3a3598564bf6dba73d2b8d40eafca20b0418888c28,image:4685e9b8b700ee74f7e82c3a3598564bf6dba73d2b8d40eafca20b0418888c28,2048,1536,44.583295075374714,16.545613927165356,8a6b4d43539e29e9,
Sonneratia_alba/canopy/IMG_20260718_082323_1.jpg,dataset/train/Sonneratia_alba/ff2e13f8a994d8bfe619c9c475c5a1404bc0db0d0649892a280d4a9906380a49.jpg,Sonneratia_alba,ff2e13f8a994d8bfe619c9c475c5a1404bc0db0d0649892a280d4a9906380a49,image:ff2e13f8a994d8bfe619c9c475c5a1404bc0db0d0649892a280d4a9906380a49,3000,4000,67.59352001725007,19.76534817913386,8ad2e66c799b7d77,
Sonneratia_alba/canopy/IMG_20260718_082323.jpg,dataset/train/Sonneratia_alba/9462e84df162c1b71003d2a15f9921b8b410c7c66a68774d250a836da0528a00.jpg,Sonneratia_alba,9462e84df162c1b71003d2a15f9921b8b410c7c66a68774d250a836da0528a00,image:9462e84df162c1b71003d2a15f9921b8b410c7c66a68774d250a836da0528a00,3000,4000,67.55918629458957,19.77008489173228,8ad2e66c799b7d77,
Avicennia_marina/Flowers/Avicennia_marina - 2026-07-16T144447.596.jpeg,dataset/train/Avicennia_marina/dde467acc2ac346d1a23a3612988ac9de900476005cf8c1faa376154ac8b2bc2.jpg,Avicennia_marina,dde467acc2ac346d1a23a3612988ac9de900476005cf8c1faa376154ac8b2bc2,image:dde467acc2ac346d1a23a3612988ac9de900476005cf8c1faa376154ac8b2bc2,240,180,52.07264615286113,8.519069881889763,8c31695f5e787873,small_image
Avicennia_marina/Flowers/Avicennia_marina (18).jpeg,dataset/train/Avicennia_marina/b14a4d9c7f78e706e9f26cdc43256ef4afc5a6b841a71c7e6472841253bddf11.jpg,Avicennia_marina,b14a4d9c7f78e706e9f26cdc43256ef4afc5a6b841a71c7e6472841253bddf11,image:b14a4d9c7f78e706e9f26cdc43256ef4afc5a6b841a71c7e6472841253bddf11,945,708,52.121773818916346,8.48132997047244,8c31695f5e787873,
Avicennia_alba/Flowers/commons_146033627_3213719c5c.jpg,dataset/train/Avicennia_alba/5b4c4ee342e2a8284727782f5579fd6c79979a33ef34281e2529600d2c773389.jpg,Avicennia_alba,5b4c4ee342e2a8284727782f5579fd6c79979a33ef34281e2529600d2c773389,commons:146033627,960,960,58.6583978127811,15.371739665354331,8d321b0992787078,
Avicennia_alba/Flowers/gbif_4936517191_0_b88d9bd6e0.jpg,dataset/train/Avicennia_alba/965302edc104544aa89655217c0fa5f2698902e5deedcd152635f98b97ba4cbf.jpg,Avicennia_alba,965302edc104544aa89655217c0fa5f2698902e5deedcd152635f98b97ba4cbf,gbif:4936517191,1024,1024,58.58717851943294,15.20493971456693,8d321b0992787078,
unknown/unclassified/ordinary_trees/unknown_commons_ordinary_trees_14857891_8f837555ee.jpg,dataset/train/unknown/f60674e7791a1371ff68a89eccd4be9c89f81fe46326157c3ccb47ec47bd6f89.jpg,unknown,f60674e7791a1371ff68a89eccd4be9c89f81fe46326157c3ccb47ec47bd6f89,image:f60674e7791a1371ff68a89eccd4be9c89f81fe46326157c3ccb47ec47bd6f89,960,1878,61.93302644188889,13.959984005905511,8e2f3b1307a1939d,
unknown/unclassified/ordinary_trees/derived/unknown_commons_ordinary_trees_14857891_8f837555ee_blur5.jpg,dataset/train/unknown/d8357360ec8661fd9861fab7ce336d3569394cb703e6b1c6c87810d6e3573a13.jpg,unknown,d8357360ec8661fd9861fab7ce336d3569394cb703e6b1c6c87810d6e3573a13,image:d8357360ec8661fd9861fab7ce336d3569394cb703e6b1c6c87810d6e3573a13,960,1878,57.89995057001041,5.641332431102362,8e2f3b1307a1939d,
Lumnitzera_littorea/Flowers/gbif_5868220958_0_d1ed6a6f99.jpg,dataset/train/Lumnitzera_littorea/3a05e6e8c97e21a3dae7515cf684e4de73f58eac0dcdf11eff699786a13e4fe9.jpg,Lumnitzera_littorea,3a05e6e8c97e21a3dae7515cf684e4de73f58eac0dcdf11eff699786a13e4fe9,gbif:5868220958,1536,2048,35.927386868137205,12.324003444881889,8ea724598392b226,
Lumnitzera_littorea/Flowers/imgi_158_medium.jpg,dataset/train/Lumnitzera_littorea/5637a891967e68b3e7d86c4a7f8b7fbbb96f96792c9b5765867f0ac995da316c.jpg,Lumnitzera_littorea,5637a891967e68b3e7d86c4a7f8b7fbbb96f96792c9b5765867f0ac995da316c,image:5637a891967e68b3e7d86c4a7f8b7fbbb96f96792c9b5765867f0ac995da316c,375,500,35.936076024702935,12.351408710629922,8ea724598392b226,
Sonneratia_alba/Flowers/sonneratia alba (10).jpeg,dataset/train/Sonneratia_alba/fe7d2ddb6541c68a459169b04c94aa93b0b3c0ff5c1c690a43aa3eb0f315ec9f.jpg,Sonneratia_alba,fe7d2ddb6541c68a459169b04c94aa93b0b3c0ff5c1c690a43aa3eb0f315ec9f,image:fe7d2ddb6541c68a459169b04c94aa93b0b3c0ff5c1c690a43aa3eb0f315ec9f,1024,837,67.65712790082053,12.71121432086614,90e2c693b3cd3f16,
Sonneratia_alba/Flowers/sonneratia alba (24).jpeg,dataset/train/Sonneratia_alba/5520b57a6c3bca50bd9ca2a723bc97b0aaae3db1263e1384f7d1a2cf610d031c.jpg,Sonneratia_alba,5520b57a6c3bca50bd9ca2a723bc97b0aaae3db1263e1384f7d1a2cf610d031c,image:5520b57a6c3bca50bd9ca2a723bc97b0aaae3db1263e1384f7d1a2cf610d031c,500,409,67.6617971842037,12.736097440944881,90e2c693b3cd3f16,
Rhizophora_stylosa/Bark/IMG_20260718_073707_1.jpg,dataset/train/Rhizophora_stylosa/7f0567002d45511f14a85d77594159cfa454999d344ce9454038827082b975b2.jpg,Rhizophora_stylosa,7f0567002d45511f14a85d77594159cfa454999d344ce9454038827082b975b2,image:7f0567002d45511f14a85d77594159cfa454999d344ce9454038827082b975b2,3048,4064,51.077349207584376,19.824680118110237,9346850d8f1a1cb0,
Rhizophora_stylosa/Bark/IMG_20260718_073707.jpg,dataset/train/Rhizophora_stylosa/3d50a6e8bb07605d32b08758dfa1cb50cc7ce34b203a669686a62d6fb13d128b.jpg,Rhizophora_stylosa,3d50a6e8bb07605d32b08758dfa1cb50cc7ce34b203a669686a62d6fb13d128b,image:3d50a6e8bb07605d32b08758dfa1cb50cc7ce34b203a669686a62d6fb13d128b,3048,4064,50.61840645386881,19.498093011811022,9346850d8f1a1cb0,
Ceriops_zippeliana/Flowers/commons_88480652_417836b15f.jpg,dataset/train/Ceriops_zippeliana/c5a86ddd6cc64ed9d7c1bc79c89ad6cab75f457cc89dc9b8beed1c16fb280323.jpg,Ceriops_zippeliana,c5a86ddd6cc64ed9d7c1bc79c89ad6cab75f457cc89dc9b8beed1c16fb280323,commons:88480652,960,1280,43.06262340198374,16.746893454724407,96a64872aeccd469,
Ceriops_zippeliana/Flowers/imgi_47_medium.jpg,dataset/train/Ceriops_zippeliana/74bece230bad9060ee0aacf476a828a0d2af0ac21b49adc11f3dfa7651df8be5.jpg,Ceriops_zippeliana,74bece230bad9060ee0aacf476a828a0d2af0ac21b49adc11f3dfa7651df8be5,image:74bece230bad9060ee0aacf476a828a0d2af0ac21b49adc11f3dfa7651df8be5,375,500,42.889013201709794,16.5183624507874,96a64872aeccd469,
Ceriops_zippeliana/Leaves/.trashed-1792647498-IMG_20260922_133503_Burst05.jpg,dataset/train/Ceriops_zippeliana/6dc1e57a8dc82c062027bb50f2a7f950589a7832f7abf0bd363f5b4965486a8f.jpg,Ceriops_zippeliana,6dc1e57a8dc82c062027bb50f2a7f950589a7832f7abf0bd363f5b4965486a8f,image:6dc1e57a8dc82c062027bb50f2a7f950589a7832f7abf0bd363f5b4965486a8f,3060,4080,52.500964653002576,22.755905511811022,9906b4b132322ac8,
Ceriops_zippeliana/Leaves/.trashed-1792647498-IMG_20260922_133503_Burst03.jpg,dataset/train/Ceriops_zippeliana/6b27d50bdca409ba5c01dd6f2059de1f83002bba9f0f5da6168e58bbca0b0f5e.jpg,Ceriops_zippeliana,6b27d50bdca409ba5c01dd6f2059de1f83002bba9f0f5da6168e58bbca0b0f5e,image:6b27d50bdca409ba5c01dd6f2059de1f83002bba9f0f5da6168e58bbca0b0f5e,3060,4080,52.3703879541215,22.924028051181104,9906b4b132322ac8,
Ceriops_zippeliana/Leaves/.trashed-1792647498-IMG_20260922_133503_Burst04.jpg,dataset/train/Ceriops_zippeliana/5cbc91131c07cc94638a86cb4a9dbce221b473c382dfeb4abe598d3bd1fd9126.jpg,Ceriops_zippeliana,5cbc91131c07cc94638a86cb4a9dbce221b473c382dfeb4abe598d3bd1fd9126,image:5cbc91131c07cc94638a86cb4a9dbce221b473c382dfeb4abe598d3bd1fd9126,3060,4080,52.527008320530385,22.915046751968504,9906b4b132322ac8,
Sonneratia_alba/Roots/IMG_20260718_082314.jpg,dataset/train/Sonneratia_alba/07ffeee9591b2b7e40873419881e5a5698bfb05322aa59db8cf302539932fa69.jpg,Sonneratia_alba,07ffeee9591b2b7e40873419881e5a5698bfb05322aa59db8cf302539932fa69,image:07ffeee9591b2b7e40873419881e5a5698bfb05322aa59db8cf302539932fa69,3048,4064,51.941284498559874,17.432794045275593,99bce8787171756f,
Sonneratia_alba/Roots/IMG_20260718_082313.jpg,dataset/train/Sonneratia_alba/0409a25e5d929fcc8385fbf1afe463a45cbd3ffd2ef2f85a2b947c67868f6e5e.jpg,Sonneratia_alba,0409a25e5d929fcc8385fbf1afe463a45cbd3ffd2ef2f85a2b947c67868f6e5e,image:0409a25e5d929fcc8385fbf1afe463a45cbd3ffd2ef2f85a2b947c67868f6e5e,3048,4064,51.783530568632976,17.51322588582677,99bce8787171756f,
unknown/unclassified/boats/unknown_commons_boats_106877752_2d4754bd73.jpg,dataset/train/unknown/343084dc337ec524617642954bb15558d57638493a0ff0bfd0973c96c7417e3a.jpg,unknown,343084dc337ec524617642954bb15558d57638493a0ff0bfd0973c96c7417e3a,commons:106877752,960,1443,54.148609510458684,6.9432517224409445,9c6060c0c8c0e060,
unknown/unclassified/boats/derived/unknown_commons_boats_106877752_2d4754bd73_blur12.jpg,dataset/train/unknown/5d889ffcc657fe951cd5f17d321fdb0bc8eaae35043668bb0ea9577ef7af2882.jpg,unknown,5d889ffcc657fe951cd5f17d321fdb0bc8eaae35043668bb0ea9577ef7af2882,commons:106877752,960,1443,52.35383764419471,3.299520177165354,9c6060c0c8c0e060,
Scyphiphora_hydrophylacea/Flowers/imgi_144_medium.jpg,dataset/train/Scyphiphora_hydrophylacea/34b4fcdfb00fc5c1fe929a7a28a27e98c7fdd28444b42ee320d042d83a5f7783.jpg,Scyphiphora_hydrophylacea,34b4fcdfb00fc5c1fe929a7a28a27e98c7fdd28444b42ee320d042d83a5f7783,image:34b4fcdfb00fc5c1fe929a7a28a27e98c7fdd28444b42ee320d042d83a5f7783,500,375,32.17033153621889,6.365649606299213,9d1db489f8dc1c9b,
Scyphiphora_hydrophylacea/Flowers/gbif_4982101647_0_818a21706e.jpg,dataset/train/Scyphiphora_hydrophylacea/1d06c3c66d4e280224e6f7e6ae6d9dbe240b19d1ee356f46fd84e0b6abf37a69.jpg,Scyphiphora_hydrophylacea,1d06c3c66d4e280224e6f7e6ae6d9dbe240b19d1ee356f46fd84e0b6abf37a69,gbif:4982101647,2048,1536,32.16730533858438,6.335230068897638,9d1db489f8dc1c9b,
Bruguiera_sexangula/Flowers/commons_79773253_3342953015.jpg,dataset/train/Bruguiera_sexangula/9c04177398fcaed08768b49881c2fa6c8008b74408b6c34be0b1b8c6cb8d9718.jpg,Bruguiera_sexangula,9c04177398fcaed08768b49881c2fa6c8008b74408b6c34be0b1b8c6cb8d9718,commons:79773253,960,960,43.62084097766375,9.371186023622048,a13032e3c399485c,
Bruguiera_sexangula/Flowers/gbif_4606603025_0_9b23f3e1d4.jpg,dataset/train/Bruguiera_sexangula/cd9e53fa5582a05b4688fcceabe39ee079a958b9e714c3ec15984e18e41dfcbd.jpg,Bruguiera_sexangula,cd9e53fa5582a05b4688fcceabe39ee079a958b9e714c3ec15984e18e41dfcbd,gbif:4606603025,2048,2048,43.53835176088513,9.19322096456693,a13032e3c399485c,
Osbornia_octodonta/bark/IMG_20260922_132511_Burst05.jpg,dataset/train/Osbornia_octodonta/bda17d781d8049dfa7b11d46eaceaa4d0068135f520e901613ff76de759f6719.jpg,Osbornia_octodonta,bda17d781d8049dfa7b11d46eaceaa4d0068135f520e901613ff76de759f6719,image:bda17d781d8049dfa7b11d46eaceaa4d0068135f520e901613ff76de759f6719,3060,4080,88.15537213715312,14.55222687007874,a3ce0e8d8e1e1d19,
Osbornia_octodonta/bark/IMG_20260922_132511_Burst06.jpg,dataset/train/Osbornia_octodonta/c338a0e6b7a48ca2c7e965426ddd2feec48492998af2d9817c0c12a2413c947a.jpg,Osbornia_octodonta,c338a0e6b7a48ca2c7e965426ddd2feec48492998af2d9817c0c12a2413c947a,image:c338a0e6b7a48ca2c7e965426ddd2feec48492998af2d9817c0c12a2413c947a,3060,4080,88.20447336379274,14.643423966535433,a3ce0e8d8e1e1d19,
Bruguiera_sexangula/Flowers/commons_79773252_bc41fe0096.jpg,dataset/train/Bruguiera_sexangula/bc5a19c1083f734cd8dd8b03b68d45300b529f15947a2a8c3868d00b37bc175e.jpg,Bruguiera_sexangula,bc5a19c1083f734cd8dd8b03b68d45300b529f15947a2a8c3868d00b37bc175e,commons:79773252,960,960,51.629325213871425,7.135765255905512,a7a37071e09c38b8,
Bruguiera_sexangula/Flowers/gbif_4606603025_1_db01ff0ee5.jpg,dataset/train/Bruguiera_sexangula/4653dcd5ccadd97587ab49993256e60872910a33130e0434369456693c2d517f.jpg,Bruguiera_sexangula,4653dcd5ccadd97587ab49993256e60872910a33130e0434369456693c2d517f,gbif:4606603025,2048,2048,51.58167501569958,7.043368602362205,a7a37071e09c38b8,
Avicennia_marina/Bark/IMG_20260718_081423.jpg,dataset/train/Avicennia_marina/756358f9e415c31265b57b631e8591b8e7c353532a5d64166ae20b81cdabbd0e.jpg,Avicennia_marina,756358f9e415c31265b57b631e8591b8e7c353532a5d64166ae20b81cdabbd0e,image:756358f9e415c31265b57b631e8591b8e7c353532a5d64166ae20b81cdabbd0e,3000,4000,34.79451907982281,17.68171751968504,a7e624cdea965348,
Avicennia_marina/Bark/IMG_20260718_081423_1.jpg,dataset/train/Avicennia_marina/25b24eafcceb520d743c32c9d3c178a2eab8089846a78121467008dc160e3bb3.jpg,Avicennia_marina,25b24eafcceb520d743c32c9d3c178a2eab8089846a78121467008dc160e3bb3,image:25b24eafcceb520d743c32c9d3c178a2eab8089846a78121467008dc160e3bb3,3000,4000,34.94073886388571,17.77371432086614,a7e624cdea965348,
Avicennia_marina/Leaves/Avicennia_marina - 2026-07-16T144447.774.jpeg,dataset/train/Avicennia_marina/bf4ed8f276e3e0aeb30aefcbe1d93c1b8f1cb48c2bff594fac7f16fa86dbbe10.jpg,Avicennia_marina,bf4ed8f276e3e0aeb30aefcbe1d93c1b8f1cb48c2bff594fac7f16fa86dbbe10,image:bf4ed8f276e3e0aeb30aefcbe1d93c1b8f1cb48c2bff594fac7f16fa86dbbe10,240,180,47.81984270126337,11.807609498031496,b03968c29727621a,small_image
Avicennia_marina/Leaves/Avicennia_marina (48).jpeg,dataset/train/Avicennia_marina/a4c14d8c62c3365975b2994a4ebd04f6641916d4b30d4aec3f3b6b6c9d02de35.jpg,Avicennia_marina,a4c14d8c62c3365975b2994a4ebd04f6641916d4b30d4aec3f3b6b6c9d02de35,image:a4c14d8c62c3365975b2994a4ebd04f6641916d4b30d4aec3f3b6b6c9d02de35,500,375,47.78434020618465,11.642778051181104,b03968c29727621a,
Avicennia_marina/Leaves/Avicennia_marina (3).jpeg,dataset/train/Avicennia_marina/d549bed70c3ad936c589051dc835f1f2583b5c10ce683f50d2094dc1c9a60fcd.jpg,Avicennia_marina,d549bed70c3ad936c589051dc835f1f2583b5c10ce683f50d2094dc1c9a60fcd,image:d549bed70c3ad936c589051dc835f1f2583b5c10ce683f50d2094dc1c9a60fcd,2048,1536,47.811822139658,11.635949803149606,b03968c29727621a,
Avicennia_marina/Leaves/Avicennia_marina (13).jpeg,dataset/train/Avicennia_marina/7e248ed32f3da7094b83024af61be8b855a5ece5fd3be843509a9373bced8be6.jpg,Avicennia_marina,7e248ed32f3da7094b83024af61be8b855a5ece5fd3be843509a9373bced8be6,image:7e248ed32f3da7094b83024af61be8b855a5ece5fd3be843509a9373bced8be6,1024,768,47.78151912902667,11.631766732283465,b03968c29727621a,
Ceriops_tagal/roots/Ceriops - 2026-07-16T160623.743.jpeg,dataset/train/Ceriops_tagal/bbaa954610d1ecb6736e6723702f160396f30f5d237366d3cbd84fc7d3b0982e.jpg,Ceriops_tagal,bbaa954610d1ecb6736e6723702f160396f30f5d237366d3cbd84fc7d3b0982e,image:bbaa954610d1ecb6736e6723702f160396f30f5d237366d3cbd84fc7d3b0982e,368,500,50.277847196492985,25.13939468503937,b1bbdbfb3328e105,
Ceriops_tagal/roots/Ceriops (11).jpeg,dataset/train/Ceriops_tagal/7c18962b3e5c0b94cbbcad8304234963f3c697d5704523f717ca72ed51ebf743.jpg,Ceriops_tagal,7c18962b3e5c0b94cbbcad8304234963f3c697d5704523f717ca72ed51ebf743,image:7c18962b3e5c0b94cbbcad8304234963f3c697d5704523f717ca72ed51ebf743,504,684,50.29094558435237,25.102669783464567,b1bbdbfb3328e105,
Bruguiera_sexangula/Flowers/imgi_69_medium.jpg,dataset/train/Bruguiera_sexangula/20fa849c939ec733cae24eddda81fd90e8ad4cf26d023d37716e43ea7b151d8c.jpg,Bruguiera_sexangula,20fa849c939ec733cae24eddda81fd90e8ad4cf26d023d37716e43ea7b151d8c,image:20fa849c939ec733cae24eddda81fd90e8ad4cf26d023d37716e43ea7b151d8c,500,355,32.87389655468782,10.91861466535433,b2f494ba155b2c8a,
Bruguiera_sexangula/Flowers/gbif_5166753736_0_d186aee6bb.jpg,dataset/train/Bruguiera_sexangula/5d4290e30a95444805f9fe7d994d65ed46670f6a5afe71f64d9273765810c0e7.jpg,Bruguiera_sexangula,5d4290e30a95444805f9fe7d994d65ed46670f6a5afe71f64d9273765810c0e7,gbif:5166753736,2048,1456,32.9020275502487,10.905573326771654,b2f494ba155b2c8a,
Avicennia_marina/Flowers/Avicennia_marina - 2026-07-16T144441.270.jpeg,dataset/train/Avicennia_marina/3ef392a466ab868e9b8194249e7a3874326c98575f25a9ce2fc3c3d79a2fb7b0.jpg,Avicennia_marina,3ef392a466ab868e9b8194249e7a3874326c98575f25a9ce2fc3c3d79a2fb7b0,image:3ef392a466ab868e9b8194249e7a3874326c98575f25a9ce2fc3c3d79a2fb7b0,500,281,52.86596541005506,17.083077017716533,b4b20bd1644e4e27,
Avicennia_alba/Flowers/imgi_96_medium.jpg,dataset/train/Avicennia_alba/2cbdc5bf1ee6b33f0c0d57245863e32244494b05b791b7574850bbefce61f2dc.jpg,Avicennia_alba,2cbdc5bf1ee6b33f0c0d57245863e32244494b05b791b7574850bbefce61f2dc,image:2cbdc5bf1ee6b33f0c0d57245863e32244494b05b791b7574850bbefce61f2dc,500,281,52.869714123129725,17.083507627952756,b4b20bd1644e4e27,
Ceriops_zippeliana/Flowers/gbif_4952621652_2_2c90f2c351.jpg,dataset/train/Ceriops_zippeliana/f4e20bb0b0ffcfa02065d961eb8deab193cdf69cd543c5968af6b3e7abe5fc9c.jpg,Ceriops_zippeliana,f4e20bb0b0ffcfa02065d961eb8deab193cdf69cd543c5968af6b3e7abe5fc9c,gbif:4952621652,1024,930,37.946231987146454,7.066129429133858,b4b5bdc8d38b84c3,
Ceriops_tagal/leaves/Ceriops (31).jpeg,dataset/train/Ceriops_tagal/302e84442c81f91b5a0ea65d9877121d3c6865ee2ed74eb103cbf52c23ab65a4.jpg,Ceriops_tagal,302e84442c81f91b5a0ea65d9877121d3c6865ee2ed74eb103cbf52c23ab65a4,image:302e84442c81f91b5a0ea65d9877121d3c6865ee2ed74eb103cbf52c23ab65a4,500,454,37.96656959335556,7.085353100393701,b4b5bdc8d38b84c3,
Excoecaria_agallocha/leaves/Rhizophora sstylosa (90).jpeg,dataset/train/Excoecaria_agallocha/c6324f584aa3cd62ba5f2a720534be233041d284e4645bb7a60c7c509d33e395.jpg,Excoecaria_agallocha,c6324f584aa3cd62ba5f2a720534be233041d284e4645bb7a60c7c509d33e395,image:c6324f584aa3cd62ba5f2a720534be233041d284e4645bb7a60c7c509d33e395,500,368,49.03161665312544,11.568190206692913,b5f9e4e5f352565e,
Excoecaria_agallocha/flowers/Rhizophora sstylosa - 2026-07-19T222507.456.jpeg,dataset/train/Excoecaria_agallocha/2f0ddf7e5c06b98d6d2ee3d91ed9469a8d8950b6592ab3be229d12b23abfbffa.jpg,Excoecaria_agallocha,2f0ddf7e5c06b98d6d2ee3d91ed9469a8d8950b6592ab3be229d12b23abfbffa,image:2f0ddf7e5c06b98d6d2ee3d91ed9469a8d8950b6592ab3be229d12b23abfbffa,240,177,48.98512233543533,11.60857529527559,b5f9e4e5f352565e,small_image
Excoecaria_agallocha/flowers/Rhizophora sstylosa (92).jpeg,dataset/train/Excoecaria_agallocha/60ec659e9eede899ee668a850eb561befdf85d83c211e5bad04a95ac63ecbfb3.jpg,Excoecaria_agallocha,60ec659e9eede899ee668a850eb561befdf85d83c211e5bad04a95ac63ecbfb3,image:60ec659e9eede899ee668a850eb561befdf85d83c211e5bad04a95ac63ecbfb3,499,368,48.98195852254216,11.42325910433071,b5f9e4e5f352565e,
Heritiera_littoralis/Leaves/imgi_69_medium.jpg,dataset/train/Heritiera_littoralis/dd34fefb107a0063819f7f8571486038d079baa0954f1db107cf06488c06e3b9.jpg,Heritiera_littoralis,dd34fefb107a0063819f7f8571486038d079baa0954f1db107cf06488c06e3b9,image:dd34fefb107a0063819f7f8571486038d079baa0954f1db107cf06488c06e3b9,375,500,58.4958525749164,17.821235236220474,b9b2925919397a59,
Heritiera_littoralis/Leaves/gbif_6452275867_0_254046e46c.jpg,dataset/train/Heritiera_littoralis/157e9f617f1177d39906b6e58abf5b89787c829a8fcb14a8d38f834f2e197f07.jpg,Heritiera_littoralis,157e9f617f1177d39906b6e58abf5b89787c829a8fcb14a8d38f834f2e197f07,gbif:6452275867,1536,2048,58.79728918768545,17.728315698818896,b9b2925919397a59,
Acanthus_ebracteatus/Leaves/imgi_165_medium.jpg,dataset/train/Acanthus_ebracteatus/4d2cf59cc58455934305e163391c3579eddb0afb66f4d7dbe2d5a5caaa8d5097.jpg,Acanthus_ebracteatus,4d2cf59cc58455934305e163391c3579eddb0afb66f4d7dbe2d5a5caaa8d5097,image:4d2cf59cc58455934305e163391c3579eddb0afb66f4d7dbe2d5a5caaa8d5097,500,375,54.66266515064692,13.619555856299211,bb793968e4705317,
Acanthus_ebracteatus/Flowers/gbif_5230636071_0_a1ca00aa88.jpg,dataset/train/Acanthus_ebracteatus/45bc22799b6d406b97e94aec0860f86a05a98b01eaa481ef8e45456c77662f39.jpg,Acanthus_ebracteatus,45bc22799b6d406b97e94aec0860f86a05a98b01eaa481ef8e45456c77662f39,gbif:5230636071,1024,768,54.64347626778726,13.599563238188976,bb793968e4705317,
Avicennia_alba/Flowers/imgi_17_medium.jpg,dataset/train/Avicennia_alba/36eb00d6825d2172598b563b98a1bb4cf655acfc276639c8977b623d8384cef9.jpg,Avicennia_alba,36eb00d6825d2172598b563b98a1bb4cf655acfc276639c8977b623d8384cef9,image:36eb00d6825d2172598b563b98a1bb4cf655acfc276639c8977b623d8384cef9,375,500,49.25948974115726,11.310562253937007,c2c1e43d360e1f1b,
Avicennia_alba/Flowers/gbif_5153143900_0_78039821f2.jpg,dataset/train/Avicennia_alba/58f67b986d58978689da9d2280f3b84feb8139d2a9ab0b8f74b49293f9f1a9f8.jpg,Avicennia_alba,58f67b986d58978689da9d2280f3b84feb8139d2a9ab0b8f74b49293f9f1a9f8,gbif:5153143900,768,1024,49.29091729664729,11.309147391732283,c2c1e43d360e1f1b,
Bruguiera_sexangula/Flowers/gbif_4606603025_4_feb2bc357b.jpg,dataset/train/Bruguiera_sexangula/62a94d14e55d57a329a3453413c398f877b8602ec0d23daf0eff6d424408d750.jpg,Bruguiera_sexangula,62a94d14e55d57a329a3453413c398f877b8602ec0d23daf0eff6d424408d750,gbif:4606603025,1024,1024,43.323189124455,8.502952755905511,c4e918d96239f6b2,
Bruguiera_sexangula/Flowers/commons_79773260_dbe0697326.jpg,dataset/train/Bruguiera_sexangula/af51bbb766c8f391e53d116e3336837a04bde960c5a4acc351d04903672e9e06.jpg,Bruguiera_sexangula,af51bbb766c8f391e53d116e3336837a04bde960c5a4acc351d04903672e9e06,commons:79773260,960,960,43.37124493017804,8.56277682086614,c4e918d96239f6b2,
Rhizophora_stylosa/Roots/IMG_20260718_073617.jpg,dataset/train/Rhizophora_stylosa/9ded001c779b84c7b4f0e0227bf0f81c76439d0fdacbd08e1a3d1e3613360f46.jpg,Rhizophora_stylosa,9ded001c779b84c7b4f0e0227bf0f81c76439d0fdacbd08e1a3d1e3613360f46,image:9ded001c779b84c7b4f0e0227bf0f81c76439d0fdacbd08e1a3d1e3613360f46,3000,4000,44.69652490716773,24.232252706692915,c66e4e49991d980e,
Rhizophora_stylosa/Roots/IMG_20260718_073616.jpg,dataset/train/Rhizophora_stylosa/0f9cbf3d776d9a48686a8d6acc6af86f2cb01b1f56427f5a5778cbdf78f6f1c1.jpg,Rhizophora_stylosa,0f9cbf3d776d9a48686a8d6acc6af86f2cb01b1f56427f5a5778cbdf78f6f1c1,image:0f9cbf3d776d9a48686a8d6acc6af86f2cb01b1f56427f5a5778cbdf78f6f1c1,3000,4000,45.00858333071084,24.27359128937008,c66e4e49991d980e,
Lumnitzera_racemosa/Leaves/gbif_6520711739_0_73d4ffbe33.jpg,dataset/train/Lumnitzera_racemosa/bd44a09d5cc0a07be6b2474855c6d1af6b78402aa619978f18cfc551288af2ba.jpg,Lumnitzera_racemosa,bd44a09d5cc0a07be6b2474855c6d1af6b78402aa619978f18cfc551288af2ba,gbif:6520711739,1024,768,47.473542547502085,21.83566067913386,c743111699d5d576,
Lumnitzera_racemosa/Leaves/imgi_53_medium.jpg,dataset/train/Lumnitzera_racemosa/46c64169b282e6692f9e8cf10101c2cb5b5240437ec8fbe7370cc99e1c4e68bb.jpg,Lumnitzera_racemosa,46c64169b282e6692f9e8cf10101c2cb5b5240437ec8fbe7370cc99e1c4e68bb,image:46c64169b282e6692f9e8cf10101c2cb5b5240437ec8fbe7370cc99e1c4e68bb,500,375,47.361154194841696,21.740495816929133,c743111699d5d576,
Avicennia_marina/canopy/Avicennia_marina (5).jpeg,dataset/train/Avicennia_marina/df1beaf0781e2bfd43df81acb1af107ac42c4af4cf4fb79e4c48c64ec03d2e0d.jpg,Avicennia_marina,df1beaf0781e2bfd43df81acb1af107ac42c4af4cf4fb79e4c48c64ec03d2e0d,image:df1beaf0781e2bfd43df81acb1af107ac42c4af4cf4fb79e4c48c64ec03d2e0d,2048,1365,53.66934461945025,14.751353346456693,c86c356d391d6c6e,
Avicennia_marina/canopy/Avicennia_marina - 2026-07-16T144433.069.jpeg,dataset/train/Avicennia_marina/467e66be7b20840a069056d193bd062c7f6c8bcf14e6ee937143e9fc6704bc84.jpg,Avicennia_marina,467e66be7b20840a069056d193bd062c7f6c8bcf14e6ee937143e9fc6704bc84,image:467e66be7b20840a069056d193bd062c7f6c8bcf14e6ee937143e9fc6704bc84,500,333,53.50354674650826,14.762518454724411,c86c356d391d6c6e,
Bruguiera_cylindrica/Flowers/gbif_5760252667_0_8cbed7e9b4.jpg,dataset/train/Bruguiera_cylindrica/2e0f64bd38801f30f12910b376e523fe914d87b43f9b4421aceb5c14c4a11513.jpg,Bruguiera_cylindrica,2e0f64bd38801f30f12910b376e523fe914d87b43f9b4421aceb5c14c4a11513,gbif:5760252667,1536,2048,58.43773183620461,24.616264763779526,c9d24463e6ced6f3,
Bruguiera_cylindrica/Flowers/gbif_5760252667_1_929c732e8e.jpg,dataset/train/Bruguiera_cylindrica/654a9e613631036da6dd91eafe21961d88cc949d16c3a3ef56ea1c876e5c01a4.jpg,Bruguiera_cylindrica,654a9e613631036da6dd91eafe21961d88cc949d16c3a3ef56ea1c876e5c01a4,gbif:5760252667,768,1024,58.39778980135161,24.589936023622048,c9d24463e6ced6f3,
Rhizophora_stylosa/Bark/IMG_20260718_075111.jpg,dataset/train/Rhizophora_stylosa/8cc8600c3dffaeefa61cc837113c42cedf7fa99f6334280ae95a5ae8262534d6.jpg,Rhizophora_stylosa,8cc8600c3dffaeefa61cc837113c42cedf7fa99f6334280ae95a5ae8262534d6,image:8cc8600c3dffaeefa61cc837113c42cedf7fa99f6334280ae95a5ae8262534d6,3048,4064,46.163418647529234,22.471456692913385,caceb2b6b33325c6,
Rhizophora_stylosa/Roots/IMG_20260718_075112.jpg,dataset/train/Rhizophora_stylosa/7e4c0e621b74dc77396c886234826667a1bfb08f2cc3d94f10cc3fa3c2461b49.jpg,Rhizophora_stylosa,7e4c0e621b74dc77396c886234826667a1bfb08f2cc3d94f10cc3fa3c2461b49,image:7e4c0e621b74dc77396c886234826667a1bfb08f2cc3d94f10cc3fa3c2461b49,3048,4064,46.104889651813735,22.514486958661415,caceb2b6b33325c6,
Bruguiera_gymnorrhiza/Leaves/IMG_20260718_082221.jpg,dataset/train/Bruguiera_gymnorrhiza/2e1253efa38c49063ec48f768f3a6daa418dd56ebe98120e20f3baee385fc461.jpg,Bruguiera_gymnorrhiza,2e1253efa38c49063ec48f768f3a6daa418dd56ebe98120e20f3baee385fc461,image:2e1253efa38c49063ec48f768f3a6daa418dd56ebe98120e20f3baee385fc461,3000,4000,42.88526459916273,21.306010088582674,caeed71f1f3f7b7a,
Bruguiera_gymnorrhiza/Leaves/IMG_20260718_082215.jpg,dataset/train/Bruguiera_gymnorrhiza/16f9dc338d97bdee736a7596d997d0c6df5cc2705f7ec3e197632aab92690c5f.jpg,Bruguiera_gymnorrhiza,16f9dc338d97bdee736a7596d997d0c6df5cc2705f7ec3e197632aab92690c5f,image:16f9dc338d97bdee736a7596d997d0c6df5cc2705f7ec3e197632aab92690c5f,3000,4000,43.085278009838774,21.22474778543307,caeed71f1f3f7b7a,
Bruguiera_gymnorrhiza/Leaves/IMG_20260718_082209_1.jpg,dataset/train/Bruguiera_gymnorrhiza/e226256337203a9f2b2f84fec4f2092c35d6dcc77fe07fc943035856bbe54702.jpg,Bruguiera_gymnorrhiza,e226256337203a9f2b2f84fec4f2092c35d6dcc77fe07fc943035856bbe54702,image:e226256337203a9f2b2f84fec4f2092c35d6dcc77fe07fc943035856bbe54702,3000,4000,43.09467077892406,21.297674704724407,caeed71f1f3f7b7a,
Nypa_fruticans/Flowers/imgi_228_original.jpg,dataset/train/Nypa_fruticans/ee839378741e970b5f9c0aaee8ca4ab3a8cc2186dd806b3cf3bd4c70b5496b29.jpg,Nypa_fruticans,ee839378741e970b5f9c0aaee8ca4ab3a8cc2186dd806b3cf3bd4c70b5496b29,image:ee839378741e970b5f9c0aaee8ca4ab3a8cc2186dd806b3cf3bd4c70b5496b29,1500,1000,51.816181172558956,7.5140255905511815,ce9f99d4d8783633,
Nypa_fruticans/Flowers/imgi_226_medium.jpg,dataset/train/Nypa_fruticans/43a932d2649d4f02aaa2e63de5348cf43bdc421d9ba7d43f6fdea19591f099e6.jpg,Nypa_fruticans,43a932d2649d4f02aaa2e63de5348cf43bdc421d9ba7d43f6fdea19591f099e6,image:43a932d2649d4f02aaa2e63de5348cf43bdc421d9ba7d43f6fdea19591f099e6,500,333,51.81229819880709,7.491234005905512,ce9f99d4d8783633,
Nypa_fruticans/Flowers/imgi_225_small.jpg,dataset/train/Nypa_fruticans/b7adb5acbefb042ad9dab687b26eb30c084aea8800de878e6037514097737469.jpg,Nypa_fruticans,b7adb5acbefb042ad9dab687b26eb30c084aea8800de878e6037514097737469,image:b7adb5acbefb042ad9dab687b26eb30c084aea8800de878e6037514097737469,240,160,51.804030090196896,7.508519931102362,ce9f99d4d8783633,small_image
Nypa_fruticans/Flowers/imgi_227_large.jpg,dataset/train/Nypa_fruticans/955f1c6dd7bbbb66840de7c5cc4d2056dad0f23c21f970b437dee7a894e9475b.jpg,Nypa_fruticans,955f1c6dd7bbbb66840de7c5cc4d2056dad0f23c21f970b437dee7a894e9475b,image:955f1c6dd7bbbb66840de7c5cc4d2056dad0f23c21f970b437dee7a894e9475b,1024,683,51.81163871330974,7.503229576771654,ce9f99d4d8783633,
Excoecaria_agallocha/bark/IMG_20260718_084216.jpg,dataset/train/Excoecaria_agallocha/3a897a56cda3b761fa9a36e910b409ac8ea5357529b56eab4f700f5deaed1f23.jpg,Excoecaria_agallocha,3a897a56cda3b761fa9a36e910b409ac8ea5357529b56eab4f700f5deaed1f23,image:3a897a56cda3b761fa9a36e910b409ac8ea5357529b56eab4f700f5deaed1f23,3048,4064,48.17263885335397,22.778020423228348,cfab96f65a58ce46,
Excoecaria_agallocha/bark/IMG_20260718_084217.jpg,dataset/train/Excoecaria_agallocha/18ccef7f8b7787d7c5374c39b19bd413631dd2972c84972f8c11fe726a000121.jpg,Excoecaria_agallocha,18ccef7f8b7787d7c5374c39b19bd413631dd2972c84972f8c11fe726a000121,image:18ccef7f8b7787d7c5374c39b19bd413631dd2972c84972f8c11fe726a000121,3048,4064,48.16245771644334,22.771099901574804,cfab96f65a58ce46,
Camptostemon_philippinensis/Roots/IMG_20260922_132711_Burst08.jpg,dataset/train/Camptostemon_philippinensis/4b80144d1baa9b75b67cb1d4b7750e129f59e339497ee4ab71d46ff1e3fa1501.jpg,Camptostemon_philippinensis,4b80144d1baa9b75b67cb1d4b7750e129f59e339497ee4ab71d46ff1e3fa1501,image:4b80144d1baa9b75b67cb1d4b7750e129f59e339497ee4ab71d46ff1e3fa1501,3060,4080,63.651380182688435,23.080062746062993,d2a2311865744c4c,
Camptostemon_philippinensis/Roots/IMG_20260922_132711_Burst05.jpg,dataset/train/Camptostemon_philippinensis/3d930d9a10aa224dfc51cd6c0ed8430fdbefe825a7534a0f97be290f8b76b481.jpg,Camptostemon_philippinensis,3d930d9a10aa224dfc51cd6c0ed8430fdbefe825a7534a0f97be290f8b76b481,image:3d930d9a10aa224dfc51cd6c0ed8430fdbefe825a7534a0f97be290f8b76b481,3060,4080,63.27745650129683,23.25172244094488,d2a2311865744c4c,
Bruguiera_sexangula/Flowers/imgi_25_medium.jpg,dataset/train/Bruguiera_sexangula/7f6e16fbd60bcaa77af4e9521645d01e0af582fc53c4369e19ff85667da690c3.jpg,Bruguiera_sexangula,7f6e16fbd60bcaa77af4e9521645d01e0af582fc53c4369e19ff85667da690c3,image:7f6e16fbd60bcaa77af4e9521645d01e0af582fc53c4369e19ff85667da690c3,500,375,65.70930804505218,9.30382627952756,d3633ffd9c121018,
Bruguiera_sexangula/Flowers/gbif_6431805785_0_203be16ef6.jpg,dataset/train/Bruguiera_sexangula/fbe96977f8d7f3039886dbb55c99cb425aed80b8a69537e22581276d9bdbb230.jpg,Bruguiera_sexangula,fbe96977f8d7f3039886dbb55c99cb425aed80b8a69537e22581276d9bdbb230,gbif:6431805785,2048,1536,65.69095894462824,9.270146407480315,d3633ffd9c121018,
Sonneratia_alba/Flowers/sonneratia alba (38).jpeg,dataset/train/Sonneratia_alba/900521d0f485bdc861c9d62a0b60e0b054dd887f28695f8be85322e32f1ca2d9.jpg,Sonneratia_alba,900521d0f485bdc861c9d62a0b60e0b054dd887f28695f8be85322e32f1ca2d9,image:900521d0f485bdc861c9d62a0b60e0b054dd887f28695f8be85322e32f1ca2d9,500,375,41.740028218226165,10.070773868110237,d363d293ab848cb5,
Sonneratia_alba/Flowers/sonneratia alba (20).jpeg,dataset/train/Sonneratia_alba/53df00ebd18791bdce43d557e395c972c34cdd75915855fa94b26038c5c48e7b.jpg,Sonneratia_alba,53df00ebd18791bdce43d557e395c972c34cdd75915855fa94b26038c5c48e7b,image:53df00ebd18791bdce43d557e395c972c34cdd75915855fa94b26038c5c48e7b,1024,768,41.78520243127658,10.05496432086614,d363d293ab848cb5,
Scyphiphora_hydrophylacea/Flowers/gbif_3005072372_2_2c953efb91.jpg,dataset/train/Scyphiphora_hydrophylacea/2bf432adbc2352c2009b7fb3d85dbe87f33537175ddd27a7df7653b62b5881cd.jpg,Scyphiphora_hydrophylacea,2bf432adbc2352c2009b7fb3d85dbe87f33537175ddd27a7df7653b62b5881cd,gbif:3005072372,768,1024,61.752184303643176,22.08504552165354,d3c9399d9f9c8baa,
Scyphiphora_hydrophylacea/Flowers/commons_85999576_1f776c799c.jpg,dataset/train/Scyphiphora_hydrophylacea/d1906d47cab5c63a4fbee14af0e39571b1bcbd6e60f60f4a47002c7d6db74322.jpg,Scyphiphora_hydrophylacea,d1906d47cab5c63a4fbee14af0e39571b1bcbd6e60f60f4a47002c7d6db74322,commons:85999576,960,1280,61.8709457705655,22.33304625984252,d3c9399d9f9c8baa,
Nypa_fruticans/Leaves/imgi_233_original.jpg,dataset/train/Nypa_fruticans/bd6b92a4d0cc6356159a0761cb0b81d3fe1d88f7e583a3377e11a3749db26a48.jpg,Nypa_fruticans,bd6b92a4d0cc6356159a0761cb0b81d3fe1d88f7e583a3377e11a3749db26a48,image:bd6b92a4d0cc6356159a0761cb0b81d3fe1d88f7e583a3377e11a3749db26a48,2048,1536,49.80009395688526,13.573911171259843,d45353474f4f1f97,
Nypa_fruticans/Leaves/imgi_232_large.jpg,dataset/train/Nypa_fruticans/d620f4d7f15dbb98ccc40b75cebb63dd616f771d43f371c3ada865afe1ef1fc3.jpg,Nypa_fruticans,d620f4d7f15dbb98ccc40b75cebb63dd616f771d43f371c3ada865afe1ef1fc3,image:d620f4d7f15dbb98ccc40b75cebb63dd616f771d43f371c3ada865afe1ef1fc3,1024,768,49.72264590751372,13.538016732283465,d45353474f4f1f97,
Scyphiphora_hydrophylacea/Flowers/commons_86000131_2d71f3d302.jpg,dataset/train/Scyphiphora_hydrophylacea/2bac545c4b5a229bc04c9f799c39c2206fd80b6aa81dad36472ae4b5dda15e3e.jpg,Scyphiphora_hydrophylacea,2bac545c4b5a229bc04c9f799c39c2206fd80b6aa81dad36472ae4b5dda15e3e,commons:86000131,960,720,61.97012240146682,15.282295767716537,d4b488e93bb238b0,
Scyphiphora_hydrophylacea/Flowers/gbif_2529406063_0_2323d35d4c.jpg,dataset/train/Scyphiphora_hydrophylacea/25d8eba92064c0eac0eda5a27fc0ea6471d37b496cf8f4cf8a06cbe385da2c35.jpg,Scyphiphora_hydrophylacea,25d8eba92064c0eac0eda5a27fc0ea6471d37b496cf8f4cf8a06cbe385da2c35,gbif:2529406063,1024,768,61.78722509928309,15.067882627952756,d4b488e93bb238b0,
Scyphiphora_hydrophylacea/Leaves/imgi_88_medium.jpg,dataset/train/Scyphiphora_hydrophylacea/015594dca03db10babbf3e07e73793787a69a914d5b84ac8c7fb6ee7d5be0ed2.jpg,Scyphiphora_hydrophylacea,015594dca03db10babbf3e07e73793787a69a914d5b84ac8c7fb6ee7d5be0ed2,image:015594dca03db10babbf3e07e73793787a69a914d5b84ac8c7fb6ee7d5be0ed2,500,375,61.79501430589322,15.080647145669293,d4b488e93bb238b0,
Scyphiphora_hydrophylacea/Flowers/commons_85999805_107b14fb6d.jpg,dataset/train/Scyphiphora_hydrophylacea/5e4759bf1f443d1c59a2cc97b7893a80f1bfb133b9789e33d04bd4253ecdac22.jpg,Scyphiphora_hydrophylacea,5e4759bf1f443d1c59a2cc97b7893a80f1bfb133b9789e33d04bd4253ecdac22,commons:85999805,960,720,46.96732192365282,14.651267224409448,d6f7b69456d99317,
Scyphiphora_hydrophylacea/Flowers/gbif_3005072372_3_3542063c8d.jpg,dataset/train/Scyphiphora_hydrophylacea/c9ea238ae8047c2207d4bb738a59b0321b91873731eec458956e5937bd3561d4.jpg,Scyphiphora_hydrophylacea,c9ea238ae8047c2207d4bb738a59b0321b91873731eec458956e5937bd3561d4,gbif:3005072372,1024,768,46.79442286857227,14.375553641732283,d6f7b69456d99317,
Bruguiera_sexangula/Flowers/imgi_158_medium.jpg,dataset/train/Bruguiera_sexangula/7bd51a57f1201bc96abb5a9040c4d8d84c1b4a4876692241382290f35fa843ad.jpg,Bruguiera_sexangula,7bd51a57f1201bc96abb5a9040c4d8d84c1b4a4876692241382290f35fa843ad,image:7bd51a57f1201bc96abb5a9040c4d8d84c1b4a4876692241382290f35fa843ad,500,375,55.138016636079165,13.158864419291339,d7953b71383e3717,
Bruguiera_sexangula/Flowers/gbif_2596309072_0_31b37ba635.jpg,dataset/train/Bruguiera_sexangula/8fb8b3c41196de1a337851deadaf5801b045983c16530386d8da6d4aa72c31e9.jpg,Bruguiera_sexangula,8fb8b3c41196de1a337851deadaf5801b045983c16530386d8da6d4aa72c31e9,gbif:2596309072,2000,1500,55.14990070515973,13.141547736220472,d7953b71383e3717,
Sonneratia_alba/Leaves/sonneratia alba (31).jpeg,dataset/train/Sonneratia_alba/bae2422f32a44f6e495dbdb2b045115a4354a5ac737bd520b5fd92c22c4ef177.jpg,Sonneratia_alba,bae2422f32a44f6e495dbdb2b045115a4354a5ac737bd520b5fd92c22c4ef177,image:bae2422f32a44f6e495dbdb2b045115a4354a5ac737bd520b5fd92c22c4ef177,500,375,40.85851264393698,9.776974655511811,d7ccdc3670399919,
Sonneratia_alba/Leaves/sonneratia alba (1).jpeg,dataset/train/Sonneratia_alba/55e563db15fe800b75074b93da6080ee0b60daf4778751c4b7ce93aeccd81516.jpg,Sonneratia_alba,55e563db15fe800b75074b93da6080ee0b60daf4778751c4b7ce93aeccd81516,image:55e563db15fe800b75074b93da6080ee0b60daf4778751c4b7ce93aeccd81516,2048,1536,40.876731114037746,9.759934793307087,d7ccdc3670399919,
Sonneratia_alba/Leaves/sonneratia alba (11).jpeg,dataset/train/Sonneratia_alba/61cd13b85b2c409611e82ec567c71a3563c2758ea1e14941e215eadc6b75b5d3.jpg,Sonneratia_alba,61cd13b85b2c409611e82ec567c71a3563c2758ea1e14941e215eadc6b75b5d3,image:61cd13b85b2c409611e82ec567c71a3563c2758ea1e14941e215eadc6b75b5d3,1024,768,40.864528121309476,9.75904281496063,d7ccdc3670399919,
Bruguiera_gymnorrhiza/Flowers/Bruguiera - 2026-07-16T153255.641.jpeg,dataset/train/Bruguiera_gymnorrhiza/049f73c9ce33a4913c7ac263eddcd2ba33364cb56f52adf0e62003d715f58e03.jpg,Bruguiera_gymnorrhiza,049f73c9ce33a4913c7ac263eddcd2ba33364cb56f52adf0e62003d715f58e03,image:049f73c9ce33a4913c7ac263eddcd2ba33364cb56f52adf0e62003d715f58e03,240,180,51.0285714749431,10.687623031496063,da6ee7e7cae9c8c8,small_image
Bruguiera_gymnorrhiza/Flowers/Bruguiera (12).jpeg,dataset/train/Bruguiera_gymnorrhiza/9082e6bb75531172a18e3457855cb29f82dc328a1a6e7150c1f465e444f2b288.jpg,Bruguiera_gymnorrhiza,9082e6bb75531172a18e3457855cb29f82dc328a1a6e7150c1f465e444f2b288,image:9082e6bb75531172a18e3457855cb29f82dc328a1a6e7150c1f465e444f2b288,1024,768,51.05644890443612,10.599778543307087,da6ee7e7cae9c8c8,
Bruguiera_gymnorrhiza/Flowers/Bruguiera (56).jpeg,dataset/train/Bruguiera_gymnorrhiza/a5bc1ee5e49660994100c2814ea2bf49b864ca82115754ffa3fb2b2eb7e7d92f.jpg,Bruguiera_gymnorrhiza,a5bc1ee5e49660994100c2814ea2bf49b864ca82115754ffa3fb2b2eb7e7d92f,image:a5bc1ee5e49660994100c2814ea2bf49b864ca82115754ffa3fb2b2eb7e7d92f,500,375,51.03292200805359,10.600547490157481,da6ee7e7cae9c8c8,
Acanthus_ebracteatus/Leaves/gbif_6188138351_0_6bb7c23fb0.jpg,dataset/train/Acanthus_ebracteatus/74e964d8d7092819ae58f51e434d9d29fdcb3ab4e0ed6adb4558c2995105204e.jpg,Acanthus_ebracteatus,74e964d8d7092819ae58f51e434d9d29fdcb3ab4e0ed6adb4558c2995105204e,gbif:6188138351,1537,2048,45.046035690598025,8.071450541338582,dcf470e9d2b49c1c,
Acanthus_ebracteatus/Leaves/imgi_127_medium.jpg,dataset/train/Acanthus_ebracteatus/b26e5b44cdbaa101c28b8edafd91a074ba4933205bc0f1b2ea74576e7cbe7abb.jpg,Acanthus_ebracteatus,b26e5b44cdbaa101c28b8edafd91a074ba4933205bc0f1b2ea74576e7cbe7abb,image:b26e5b44cdbaa101c28b8edafd91a074ba4933205bc0f1b2ea74576e7cbe7abb,375,500,45.02867064808922,8.088367372047244,dcf470e9d2b49c1c,
Rhizophora_stylosa/flowers/Rhizophora sstylosa (17) - Copy.jpeg,dataset/train/Rhizophora_stylosa/97fa242c268db72c96d976ef33f3cc5dfa53a886a7f989b116d63540223355c3.jpg,Rhizophora_stylosa,97fa242c268db72c96d976ef33f3cc5dfa53a886a7f989b116d63540223355c3,image:97fa242c268db72c96d976ef33f3cc5dfa53a886a7f989b116d63540223355c3,1024,577,46.56955829333453,27.498308316929133,dfaf8b7c3529b296,
Rhizophora_stylosa/flowers/Rhizophora sstylosa (6) - Copy.jpeg,dataset/train/Rhizophora_stylosa/1f886727c4f419a7b470ba7ae58d4fe910fbf4f41d8421adc5ccbdb5be82b080.jpg,Rhizophora_stylosa,1f886727c4f419a7b470ba7ae58d4fe910fbf4f41d8421adc5ccbdb5be82b080,image:1f886727c4f419a7b470ba7ae58d4fe910fbf4f41d8421adc5ccbdb5be82b080,2048,1154,46.57397871936233,27.500092273622045,dfaf8b7c3529b296,
Nypa_fruticans/Leaves/imgi_254_small.jpg,dataset/train/Nypa_fruticans/579846d04303fb8a3bacbe2702ad783ede9318568134145a9ecebce25673f717.jpg,Nypa_fruticans,579846d04303fb8a3bacbe2702ad783ede9318568134145a9ecebce25673f717,image:579846d04303fb8a3bacbe2702ad783ede9318568134145a9ecebce25673f717,240,160,63.68475284909714,10.579078494094489,e0e0e0e0f0e0e0e0,small_image
Nypa_fruticans/Leaves/imgi_255_medium.jpg,dataset/train/Nypa_fruticans/c62c9b5f8c411241083e7677706f3dd2db6fb7a65e3cda4004fcab34751102e9.jpg,Nypa_fruticans,c62c9b5f8c411241083e7677706f3dd2db6fb7a65e3cda4004fcab34751102e9,image:c62c9b5f8c411241083e7677706f3dd2db6fb7a65e3cda4004fcab34751102e9,500,333,63.72022035507952,10.423874261811022,e0e0e0e0f0e0e0e0,
Bruguiera_gymnorrhiza/Leaves/IMG_20260718_082153.jpg,dataset/train/Bruguiera_gymnorrhiza/6602745406784ea6ff44d54db09ecc27cdacaab0664b6c4008ab87a884305a17.jpg,Bruguiera_gymnorrhiza,6602745406784ea6ff44d54db09ecc27cdacaab0664b6c4008ab87a884305a17,image:6602745406784ea6ff44d54db09ecc27cdacaab0664b6c4008ab87a884305a17,3000,4000,43.62073455068092,21.525713582677167,e366638f9f9f7b79,
Bruguiera_gymnorrhiza/Leaves/IMG_20260718_082201_1.jpg,dataset/train/Bruguiera_gymnorrhiza/9d405eb8a92fba19b0ad85cdf9fb5ff4ef3221453733d1a5a4756acd4dae4ae2.jpg,Bruguiera_gymnorrhiza,9d405eb8a92fba19b0ad85cdf9fb5ff4ef3221453733d1a5a4756acd4dae4ae2,image:9d405eb8a92fba19b0ad85cdf9fb5ff4ef3221453733d1a5a4756acd4dae4ae2,3000,4000,43.36632119492755,21.576094980314963,e366638f9f9f7b79,
Ceriops_zippeliana/Leaves/imgi_35_medium.jpg,dataset/train/Ceriops_zippeliana/8a042223fe74450581b9cbb55ea5b1f6738fbf19b194787ab2fa90c6938732c4.jpg,Ceriops_zippeliana,8a042223fe74450581b9cbb55ea5b1f6738fbf19b194787ab2fa90c6938732c4,image:8a042223fe74450581b9cbb55ea5b1f6738fbf19b194787ab2fa90c6938732c4,500,375,30.569322811748197,14.23256028543307,e5f9eae17878e869,
Ceriops_zippeliana/Flowers/gbif_4075662647_0_148ebf215e.jpg,dataset/train/Ceriops_zippeliana/069d22363796b18342d1472ac0f308f8cb4b09300d7ed160f8775100a5f802ed.jpg,Ceriops_zippeliana,069d22363796b18342d1472ac0f308f8cb4b09300d7ed160f8775100a5f802ed,gbif:4075662647,2048,1536,30.59603534083444,14.223978838582678,e5f9eae17878e869,
Bruguiera_gymnorrhiza/Flowers/Bruguiera (6).jpeg,dataset/train/Bruguiera_gymnorrhiza/eeaec9f75b41037ed084f9b71fb87cdcc931cc71415d84d315c04dba1502d043.jpg,Bruguiera_gymnorrhiza,eeaec9f75b41037ed084f9b71fb87cdcc931cc71415d84d315c04dba1502d043,image:eeaec9f75b41037ed084f9b71fb87cdcc931cc71415d84d315c04dba1502d043,2048,1365,55.79972879697747,13.798351377952756,e6bbb53d2be3f367,
Bruguiera_gymnorrhiza/Flowers/Bruguiera - 2026-07-16T153241.901.jpeg,dataset/train/Bruguiera_gymnorrhiza/4465dbff47e71764cc5d3261a7bf9de72bd4f41a1ba0c40e24da05f5c6548f3d.jpg,Bruguiera_gymnorrhiza,4465dbff47e71764cc5d3261a7bf9de72bd4f41a1ba0c40e24da05f5c6548f3d,image:4465dbff47e71764cc5d3261a7bf9de72bd4f41a1ba0c40e24da05f5c6548f3d,500,333,55.65657606406203,13.763348917322835,e6bbb53d2be3f367,
Camptostemon_philippinensis/Leaves/IMG_20260922_133628_Burst02.jpg,dataset/train/Camptostemon_philippinensis/8e13a99585665ca920f04a9ffd0e804e6ba49e65993d1f3041e263da5b565ba4.jpg,Camptostemon_philippinensis,8e13a99585665ca920f04a9ffd0e804e6ba49e65993d1f3041e263da5b565ba4,image:8e13a99585665ca920f04a9ffd0e804e6ba49e65993d1f3041e263da5b565ba4,3060,4080,56.3622803659328,15.602146899606298,e7a8ac4c236bc74f,
Camptostemon_philippinensis/Leaves/IMG_20260922_133628_Burst01.jpg,dataset/train/Camptostemon_philippinensis/60403f8793b70a91efcd4b225de1c445f3d2248e46fef6c2bfd61f707dcf3d5f.jpg,Camptostemon_philippinensis,60403f8793b70a91efcd4b225de1c445f3d2248e46fef6c2bfd61f707dcf3d5f,image:60403f8793b70a91efcd4b225de1c445f3d2248e46fef6c2bfd61f707dcf3d5f,3060,4080,56.3178606085324,15.628660187007874,e7a8ac4c236bc74f,
Nypa_fruticans/Flowers/imgi_265_large.jpg,dataset/train/Nypa_fruticans/2ed830c399cdc30e47597ff5e7e6e449b9653e673fe960774c529cff710cfaa5.jpg,Nypa_fruticans,2ed830c399cdc30e47597ff5e7e6e449b9653e673fe960774c529cff710cfaa5,image:2ed830c399cdc30e47597ff5e7e6e449b9653e673fe960774c529cff710cfaa5,773,526,50.66180263117443,8.895207923228346,e7e76733f3cdcd4c,
Nypa_fruticans/Flowers/imgi_266_original.jpg,dataset/train/Nypa_fruticans/bf1dd1fcde36b3696e186bcdacf00111a1184dce0a20c5b175737ef2f7b7de9a.jpg,Nypa_fruticans,bf1dd1fcde36b3696e186bcdacf00111a1184dce0a20c5b175737ef2f7b7de9a,image:bf1dd1fcde36b3696e186bcdacf00111a1184dce0a20c5b175737ef2f7b7de9a,773,526,50.664210425001386,8.900375246062993,e7e76733f3cdcd4c,
Osbornia_octodonta/Leaves/gbif_4981894749_0_b6ffe9c8b5.jpg,dataset/train/Osbornia_octodonta/43d8bad7354027b74a9977ec18be824feb4f2b4720cbfa5dbf49afe1ceae193e.jpg,Osbornia_octodonta,43d8bad7354027b74a9977ec18be824feb4f2b4720cbfa5dbf49afe1ceae193e,gbif:4981894749,1024,763,32.317978175059054,9.31763656496063,ebbab6e4d06cb999,
Osbornia_octodonta/Leaves/imgi_29_medium.jpg,dataset/train/Osbornia_octodonta/c43d2ba809a28b4049e8e692e3a8424b705b28899a924c9d2032a6dc4c42447f.jpg,Osbornia_octodonta,c43d2ba809a28b4049e8e692e3a8424b705b28899a924c9d2032a6dc4c42447f,image:c43d2ba809a28b4049e8e692e3a8424b705b28899a924c9d2032a6dc4c42447f,500,373,32.32921145301928,9.332707923228346,ebbab6e4d06cb999,
Rhizophora_stylosa/Leaves/Rhizophora sstylosa (9).jpeg,dataset/train/Rhizophora_stylosa/1ff8b052168a755faf300634d9ec4997fbda612e295c321f7141042f0194d0f6.jpg,Rhizophora_stylosa,1ff8b052168a755faf300634d9ec4997fbda612e295c321f7141042f0194d0f6,image:1ff8b052168a755faf300634d9ec4997fbda612e295c321f7141042f0194d0f6,1024,768,58.611130783459174,13.718319389763778,efcf4fcc1c4d8e9e,
Rhizophora_stylosa/Leaves/Rhizophora sstylosa.jpeg,dataset/train/Rhizophora_stylosa/37a00867d8bb155595dee3d5541c44e6ebd83784af2dae8250c6b79c32d269c2.jpg,Rhizophora_stylosa,37a00867d8bb155595dee3d5541c44e6ebd83784af2dae8250c6b79c32d269c2,image:37a00867d8bb155595dee3d5541c44e6ebd83784af2dae8250c6b79c32d269c2,2048,1536,58.632947338210975,13.712260088582678,efcf4fcc1c4d8e9e,
Rhizophora_stylosa/Leaves/Rhizophora sstylosa (25).jpeg,dataset/train/Rhizophora_stylosa/70f79261a4f0413249f14d7d92e2b175194f3b675b32974a082487f8176dbfcf.jpg,Rhizophora_stylosa,70f79261a4f0413249f14d7d92e2b175194f3b675b32974a082487f8176dbfcf,image:70f79261a4f0413249f14d7d92e2b175194f3b675b32974a082487f8176dbfcf,500,375,58.57594165535442,13.717796505905511,efcf4fcc1c4d8e9e,
Avicennia_marina/Roots/Avicennia_marina (8).jpeg,dataset/train/Avicennia_marina/c44759bbbfd52dc38d225fb27a6cfb69f9c9afbd1c2a42119edbc3bab98fcdfe.jpg,Avicennia_marina,c44759bbbfd52dc38d225fb27a6cfb69f9c9afbd1c2a42119edbc3bab98fcdfe,image:c44759bbbfd52dc38d225fb27a6cfb69f9c9afbd1c2a42119edbc3bab98fcdfe,1600,1200,35.36442425270238,14.856606791338583,f0b18934e4f2f1b4,
Avicennia_marina/canopy/Avicennia_marina (12).jpeg,dataset/train/Avicennia_marina/13ca7c58328beabbcdb33d92eee8d39eef52ecb5d46b41f376c3e1bece6ab079.jpg,Avicennia_marina,13ca7c58328beabbcdb33d92eee8d39eef52ecb5d46b41f376c3e1bece6ab079,image:13ca7c58328beabbcdb33d92eee8d39eef52ecb5d46b41f376c3e1bece6ab079,1024,768,35.377568721969936,14.866110974409448,f0b18934e4f2f1b4,
Ceriops_zippeliana/Flowers/gbif_4952621652_0_af938df315.jpg,dataset/train/Ceriops_zippeliana/b060b57ce449354919d2a00a5a7d1157a074372801f482ff5708c28f6ae473ca.jpg,Ceriops_zippeliana,b060b57ce449354919d2a00a5a7d1157a074372801f482ff5708c28f6ae473ca,gbif:4952621652,2048,1923,37.11050969366683,9.614603838582678,f1d1cc88e4e06a64,
Ceriops_tagal/leaves/Ceriops (28).jpeg,dataset/train/Ceriops_tagal/f8eaa6a0b04ee57c9aca2a786601271356e8d362a361fedb2be6d30a3025fd77.jpg,Ceriops_tagal,f8eaa6a0b04ee57c9aca2a786601271356e8d362a361fedb2be6d30a3025fd77,image:f8eaa6a0b04ee57c9aca2a786601271356e8d362a361fedb2be6d30a3025fd77,500,469,37.13142656143215,9.638225885826772,f1d1cc88e4e06a64,
Ceriops_zippeliana/Flowers/imgi_31_medium.jpg,dataset/train/Ceriops_zippeliana/fe3c528f8556724822e0e2135eb9b26489e44bc04b80d561fa2306d1d31749ef.jpg,Ceriops_zippeliana,fe3c528f8556724822e0e2135eb9b26489e44bc04b80d561fa2306d1d31749ef,image:fe3c528f8556724822e0e2135eb9b26489e44bc04b80d561fa2306d1d31749ef,500,469,37.13275140841174,9.637456938976378,f1d1cc88e4e06a64,
Sonneratia_alba/Flowers/sonneratia alba (6).jpeg,dataset/train/Sonneratia_alba/dc66958238d2411d339004892dbdf38b3856fa521b32ccbc5084931ee5bc022c.jpg,Sonneratia_alba,dc66958238d2411d339004892dbdf38b3856fa521b32ccbc5084931ee5bc022c,image:dc66958238d2411d339004892dbdf38b3856fa521b32ccbc5084931ee5bc022c,2048,1536,51.67213755420646,15.719211368110237,f7663724a4cdc98b,
Sonneratia_alba/Flowers/sonneratia alba (19).jpeg,dataset/train/Sonneratia_alba/ccc96048aad32a1145a5573076ade84718fc9941681858f0b9334bdc2b784bbe.jpg,Sonneratia_alba,ccc96048aad32a1145a5573076ade84718fc9941681858f0b9334bdc2b784bbe,image:ccc96048aad32a1145a5573076ade84718fc9941681858f0b9334bdc2b784bbe,1024,768,51.67668907696861,15.722902312992126,f7663724a4cdc98b,
Ceriops_zippeliana/Leaves/imgi_51_medium.jpg,dataset/train/Ceriops_zippeliana/341fcd256f6a00bd13404db000506746323aa125f15dc1d6e36a36dad9156801.jpg,Ceriops_zippeliana,341fcd256f6a00bd13404db000506746323aa125f15dc1d6e36a36dad9156801,image:341fcd256f6a00bd13404db000506746323aa125f15dc1d6e36a36dad9156801,361,500,59.3074310013887,21.953217273622045,f7e4a1d1c6edacf1,
Ceriops_tagal/leaves/Ceriops - 2026-07-16T160624.301.jpeg,dataset/train/Ceriops_tagal/79a2b87c10512512b3f079b8d836e73f5a34e0a6a2e9b49e0e38ebf23d63a44b.jpg,Ceriops_tagal,79a2b87c10512512b3f079b8d836e73f5a34e0a6a2e9b49e0e38ebf23d63a44b,image:79a2b87c10512512b3f079b8d836e73f5a34e0a6a2e9b49e0e38ebf23d63a44b,361,500,59.295030682765926,21.947465551181104,f7e4a1d1c6edacf1,
unknown/unclassified/grass/derived/unknown_commons_grass_12695975_5d4bd11c6f_blur3.jpg,dataset/train/unknown/6368533bd15f612ace1c9e4b5c717a7cab11776afcb9eca64aa52505a547486f.jpg,unknown,6368533bd15f612ace1c9e4b5c717a7cab11776afcb9eca64aa52505a547486f,commons:12695975,960,720,20.09290756273522,1.8797059547244095,fefcf2f3edcec8c8,low_detail_review
unknown/unclassified/grass/unknown_commons_grass_12695975_5d4bd11c6f.jpg,dataset/train/unknown/5ebacdbdda3dc3f9d98100c9e9a167b8f000f89d86bbb295feb256228c7403b3.jpg,unknown,5ebacdbdda3dc3f9d98100c9e9a167b8f000f89d86bbb295feb256228c7403b3,commons:12695975,960,720,25.176014740869586,10.2734375,fefcf2f3edcec8c8,
